crisis,configuration,stress_def,model,seed,n_train,n_test,auc,auc_full_window,auc_first30,auc_rest,pr_auc,brier,ece,alarm_rate,alarm_precision,drawdown_lift,severity_lift,n_alarms,n_events,n_train_rows_after_dropna,n_trees_built,calm_mean_score,calm_max_score
crisis_2008,spx_crisis_2008,h5_d03,NaiveBaseRate,42,251,505,0.5,0.5,0.5,0.5,0.297029702970297,0.23754675589779264,0.16953966312965962,0.0,,,,0,150,231,,0.13852813852813856,0.13852813852813853
crisis_2008,spx_crisis_2008,h5_d03,NaiveBaseRate,43,251,505,0.5,0.5,0.5,0.5,0.297029702970297,0.23754675589779264,0.16953966312965962,0.0,,,,0,150,231,,0.13852813852813856,0.13852813852813853
crisis_2008,spx_crisis_2008,h5_d03,NaiveBaseRate,44,251,505,0.5,0.5,0.5,0.5,0.297029702970297,0.23754675589779264,0.16953966312965962,0.0,,,,0,150,231,,0.13852813852813856,0.13852813852813853
crisis_2008,spx_crisis_2008,h5_d03,NaiveBaseRate,45,251,505,0.5,0.5,0.5,0.5,0.297029702970297,0.23754675589779264,0.16953966312965962,0.0,,,,0,150,231,,0.13852813852813856,0.13852813852813853
crisis_2008,spx_crisis_2008,h5_d03,NaiveBaseRate,46,251,505,0.5,0.5,0.5,0.5,0.297029702970297,0.23754675589779264,0.16953966312965962,0.0,,,,0,150,231,,0.13852813852813856,0.13852813852813853
crisis_2008,spx_crisis_2008,h5_d03,VIXPercentileRaw,42,251,505,0.6554272300469483,0.6554272300469483,0.07500000000000001,0.6749786780383796,0.43077427874968865,0.5509306232920081,0.5903830223659817,0.4772277227722772,0.3900414937759336,1.3090850000124683,1.174186296298625,241,150,231,,0.7411255411255411,1.0
crisis_2008,spx_crisis_2008,h5_d03,VIXPercentileRaw,43,251,505,0.6554272300469483,0.6554272300469483,0.07500000000000001,0.6749786780383796,0.43077427874968865,0.5509306232920081,0.5903830223659817,0.4772277227722772,0.3900414937759336,1.3090850000124683,1.174186296298625,241,150,231,,0.7411255411255411,1.0
crisis_2008,spx_crisis_2008,h5_d03,VIXPercentileRaw,44,251,505,0.6554272300469483,0.6554272300469483,0.07500000000000001,0.6749786780383796,0.43077427874968865,0.5509306232920081,0.5903830223659817,0.4772277227722772,0.3900414937759336,1.3090850000124683,1.174186296298625,241,150,231,,0.7411255411255411,1.0
crisis_2008,spx_crisis_2008,h5_d03,VIXPercentileRaw,45,251,505,0.6554272300469483,0.6554272300469483,0.07500000000000001,0.6749786780383796,0.43077427874968865,0.5509306232920081,0.5903830223659817,0.4772277227722772,0.3900414937759336,1.3090850000124683,1.174186296298625,241,150,231,,0.7411255411255411,1.0
crisis_2008,spx_crisis_2008,h5_d03,VIXPercentileRaw,46,251,505,0.6554272300469483,0.6554272300469483,0.07500000000000001,0.6749786780383796,0.43077427874968865,0.5509306232920081,0.5903830223659817,0.4772277227722772,0.3900414937759336,1.3090850000124683,1.174186296298625,241,150,231,,0.7411255411255411,1.0
crisis_2008,spx_crisis_2008,h5_d03,VIXPercentileCalibrated,42,251,505,0.498075117370892,0.498075117370892,0.5,0.4979211087420043,0.2962280442756005,0.21711703699122462,0.08930316259972454,0.0,,,,0,150,231,,0.20352956167176353,0.20833333333333334
crisis_2008,spx_crisis_2008,h5_d03,VIXPercentileCalibrated,43,251,505,0.498075117370892,0.498075117370892,0.5,0.4979211087420043,0.2962280442756005,0.21711703699122462,0.08930316259972454,0.0,,,,0,150,231,,0.20352956167176353,0.20833333333333334
crisis_2008,spx_crisis_2008,h5_d03,VIXPercentileCalibrated,44,251,505,0.498075117370892,0.498075117370892,0.5,0.4979211087420043,0.2962280442756005,0.21711703699122462,0.08930316259972454,0.0,,,,0,150,231,,0.20352956167176353,0.20833333333333334
crisis_2008,spx_crisis_2008,h5_d03,VIXPercentileCalibrated,45,251,505,0.498075117370892,0.498075117370892,0.5,0.4979211087420043,0.2962280442756005,0.21711703699122462,0.08930316259972454,0.0,,,,0,150,231,,0.20352956167176353,0.20833333333333334
crisis_2008,spx_crisis_2008,h5_d03,VIXPercentileCalibrated,46,251,505,0.498075117370892,0.498075117370892,0.5,0.4979211087420043,0.2962280442756005,0.21711703699122462,0.08930316259972454,0.0,,,,0,150,231,,0.20352956167176353,0.20833333333333334
crisis_2008,spx_crisis_2008,h5_d03,HarRvThreshold,42,251,505,0.6688440960557421,0.6688440960557421,0.3280423280423281,0.6838950250165204,0.4389030552045803,0.3751637309436729,0.40474996347283015,0.4451345755693582,0.4186046511627907,1.4964250744188734,1.2088226944922529,215,141,231,,0.4377769247890859,1.0
crisis_2008,spx_crisis_2008,h5_d03,HarRvThreshold,43,251,505,0.6688440960557421,0.6688440960557421,0.3280423280423281,0.6838950250165204,0.4389030552045803,0.3751637309436729,0.40474996347283015,0.4451345755693582,0.4186046511627907,1.4964250744188734,1.2088226944922529,215,141,231,,0.4377769247890859,1.0
crisis_2008,spx_crisis_2008,h5_d03,HarRvThreshold,44,251,505,0.6688440960557421,0.6688440960557421,0.3280423280423281,0.6838950250165204,0.4389030552045803,0.3751637309436729,0.40474996347283015,0.4451345755693582,0.4186046511627907,1.4964250744188734,1.2088226944922529,215,141,231,,0.4377769247890859,1.0
crisis_2008,spx_crisis_2008,h5_d03,HarRvThreshold,45,251,505,0.6688440960557421,0.6688440960557421,0.3280423280423281,0.6838950250165204,0.4389030552045803,0.3751637309436729,0.40474996347283015,0.4451345755693582,0.4186046511627907,1.4964250744188734,1.2088226944922529,215,141,231,,0.4377769247890859,1.0
crisis_2008,spx_crisis_2008,h5_d03,HarRvThreshold,46,251,505,0.6688440960557421,0.6688440960557421,0.3280423280423281,0.6838950250165204,0.4389030552045803,0.3751637309436729,0.40474996347283015,0.4451345755693582,0.4186046511627907,1.4964250744188734,1.2088226944922529,215,141,231,,0.4377769247890859,1.0
crisis_2008,spx_crisis_2008,h5_d03,LogisticRegressionL2,42,251,505,0.5507042253521127,0.5507042253521127,0.5900000000000001,0.5548827292110874,0.4064257662320631,0.32050135066666,0.29518688382430175,0.36435643564356435,0.30434782608695654,1.1385226654579488,1.2046982803277604,184,150,231,,0.4964707586106937,0.7162738523170988
crisis_2008,spx_crisis_2008,h5_d03,LogisticRegressionL2,43,251,505,0.5507042253521127,0.5507042253521127,0.5900000000000001,0.5548827292110874,0.4064257662320631,0.32050135066666,0.29518688382430175,0.36435643564356435,0.30434782608695654,1.1385226654579488,1.2046982803277604,184,150,231,,0.4964707586106937,0.7162738523170988
crisis_2008,spx_crisis_2008,h5_d03,LogisticRegressionL2,44,251,505,0.5507042253521127,0.5507042253521127,0.5900000000000001,0.5548827292110874,0.4064257662320631,0.32050135066666,0.29518688382430175,0.36435643564356435,0.30434782608695654,1.1385226654579488,1.2046982803277604,184,150,231,,0.4964707586106937,0.7162738523170988
crisis_2008,spx_crisis_2008,h5_d03,LogisticRegressionL2,45,251,505,0.5507042253521127,0.5507042253521127,0.5900000000000001,0.5548827292110874,0.4064257662320631,0.32050135066666,0.29518688382430175,0.36435643564356435,0.30434782608695654,1.1385226654579488,1.2046982803277604,184,150,231,,0.4964707586106937,0.7162738523170988
crisis_2008,spx_crisis_2008,h5_d03,LogisticRegressionL2,46,251,505,0.5507042253521127,0.5507042253521127,0.5900000000000001,0.5548827292110874,0.4064257662320631,0.32050135066666,0.29518688382430175,0.36435643564356435,0.30434782608695654,1.1385226654579488,1.2046982803277604,184,150,231,,0.4964707586106937,0.7162738523170988
crisis_2008,spx_crisis_2008,h5_d03,LightGbmTuned,42,251,505,0.5824413145539906,0.5824413145539906,0.33,0.5948081023454158,0.3418965199666444,0.2459288442151959,0.19681909036146245,0.0,,,,0,150,231,50.0,0.5163833597431945,0.569958665716164
crisis_2008,spx_crisis_2008,h5_d03,LightGbmTuned,43,251,505,0.5824413145539906,0.5824413145539906,0.33,0.5948081023454158,0.3418965199666444,0.2459288442151959,0.19681909036146245,0.0,,,,0,150,231,50.0,0.5163833597431945,0.569958665716164
crisis_2008,spx_crisis_2008,h5_d03,LightGbmTuned,44,251,505,0.5824413145539906,0.5824413145539906,0.33,0.5948081023454158,0.3418965199666444,0.2459288442151959,0.19681909036146245,0.0,,,,0,150,231,50.0,0.5163833597431945,0.569958665716164
crisis_2008,spx_crisis_2008,h5_d03,LightGbmTuned,45,251,505,0.5824413145539906,0.5824413145539906,0.33,0.5948081023454158,0.3418965199666444,0.2459288442151959,0.19681909036146245,0.0,,,,0,150,231,50.0,0.5163833597431945,0.569958665716164
crisis_2008,spx_crisis_2008,h5_d03,LightGbmTuned,46,251,505,0.5824413145539906,0.5824413145539906,0.33,0.5948081023454158,0.3418965199666444,0.2459288442151959,0.19681909036146245,0.0,,,,0,150,231,50.0,0.5163833597431945,0.569958665716164
crisis_2008,spx_crisis_2008,h10_d05,NaiveBaseRate,42,251,505,0.5,0.5,0.5,0.5,0.23366336633663368,0.19496440493400943,0.12609364522109584,0.0,,,,0,118,231,,0.1168831168831169,0.11688311688311688
crisis_2008,spx_crisis_2008,h10_d05,NaiveBaseRate,43,251,505,0.5,0.5,0.5,0.5,0.23366336633663368,0.19496440493400943,0.12609364522109584,0.0,,,,0,118,231,,0.1168831168831169,0.11688311688311688
crisis_2008,spx_crisis_2008,h10_d05,NaiveBaseRate,44,251,505,0.5,0.5,0.5,0.5,0.23366336633663368,0.19496440493400943,0.12609364522109584,0.0,,,,0,118,231,,0.1168831168831169,0.11688311688311688
crisis_2008,spx_crisis_2008,h10_d05,NaiveBaseRate,45,251,505,0.5,0.5,0.5,0.5,0.23366336633663368,0.19496440493400943,0.12609364522109584,0.0,,,,0,118,231,,0.1168831168831169,0.11688311688311688
crisis_2008,spx_crisis_2008,h10_d05,NaiveBaseRate,46,251,505,0.5,0.5,0.5,0.5,0.23366336633663368,0.19496440493400943,0.12609364522109584,0.0,,,,0,118,231,,0.1168831168831169,0.11688311688311688
crisis_2008,spx_crisis_2008,h10_d05,VIXPercentileRaw,42,251,505,0.670597380983664,0.670597380983664,0.020000000000000007,0.7003481683318196,0.3722902371230652,0.6012481650063389,0.653749358999645,0.4772277227722772,0.33195020746887965,1.3216655820012109,1.1679197640688326,241,118,231,,0.7411255411255411,1.0
crisis_2008,spx_crisis_2008,h10_d05,VIXPercentileRaw,43,251,505,0.670597380983664,0.670597380983664,0.020000000000000007,0.7003481683318196,0.3722902371230652,0.6012481650063389,0.653749358999645,0.4772277227722772,0.33195020746887965,1.3216655820012109,1.1679197640688326,241,118,231,,0.7411255411255411,1.0
crisis_2008,spx_crisis_2008,h10_d05,VIXPercentileRaw,44,251,505,0.670597380983664,0.670597380983664,0.020000000000000007,0.7003481683318196,0.3722902371230652,0.6012481650063389,0.653749358999645,0.4772277227722772,0.33195020746887965,1.3216655820012109,1.1679197640688326,241,118,231,,0.7411255411255411,1.0
crisis_2008,spx_crisis_2008,h10_d05,VIXPercentileRaw,45,251,505,0.670597380983664,0.670597380983664,0.020000000000000007,0.7003481683318196,0.3722902371230652,0.6012481650063389,0.653749358999645,0.4772277227722772,0.33195020746887965,1.3216655820012109,1.1679197640688326,241,118,231,,0.7411255411255411,1.0
crisis_2008,spx_crisis_2008,h10_d05,VIXPercentileRaw,46,251,505,0.670597380983664,0.670597380983664,0.020000000000000007,0.7003481683318196,0.3722902371230652,0.6012481650063389,0.653749358999645,0.4772277227722772,0.33195020746887965,1.3216655820012109,1.1679197640688326,241,118,231,,0.7411255411255411,1.0
crisis_2008,spx_crisis_2008,h10_d05,VIXPercentileCalibrated,42,251,505,0.5,0.5,0.5,0.5,0.23366336633663368,0.18677891226622664,0.08783003300330033,0.0,,,,0,118,231,,0.1458333333333334,0.14583333333333334
crisis_2008,spx_crisis_2008,h10_d05,VIXPercentileCalibrated,43,251,505,0.5,0.5,0.5,0.5,0.23366336633663368,0.18677891226622664,0.08783003300330033,0.0,,,,0,118,231,,0.1458333333333334,0.14583333333333334
crisis_2008,spx_crisis_2008,h10_d05,VIXPercentileCalibrated,44,251,505,0.5,0.5,0.5,0.5,0.23366336633663368,0.18677891226622664,0.08783003300330033,0.0,,,,0,118,231,,0.1458333333333334,0.14583333333333334
crisis_2008,spx_crisis_2008,h10_d05,VIXPercentileCalibrated,45,251,505,0.5,0.5,0.5,0.5,0.23366336633663368,0.18677891226622664,0.08783003300330033,0.0,,,,0,118,231,,0.1458333333333334,0.14583333333333334
crisis_2008,spx_crisis_2008,h10_d05,VIXPercentileCalibrated,46,251,505,0.5,0.5,0.5,0.5,0.23366336633663368,0.18677891226622664,0.08783003300330033,0.0,,,,0,118,231,,0.1458333333333334,0.14583333333333334
crisis_2008,spx_crisis_2008,h10_d05,HarRvThreshold,42,251,505,0.7235802469135801,0.7235802469135801,0.20192307692307693,0.7326702666960546,0.3933675499063352,0.39501877158559,0.47307294483928974,0.4451345755693582,0.3627906976744186,1.4503809324074635,1.1351626995095656,215,108,231,,0.4377769247890859,1.0
crisis_2008,spx_crisis_2008,h10_d05,HarRvThreshold,43,251,505,0.7235802469135801,0.7235802469135801,0.20192307692307693,0.7326702666960546,0.3933675499063352,0.39501877158559,0.47307294483928974,0.4451345755693582,0.3627906976744186,1.4503809324074635,1.1351626995095656,215,108,231,,0.4377769247890859,1.0
crisis_2008,spx_crisis_2008,h10_d05,HarRvThreshold,44,251,505,0.7235802469135801,0.7235802469135801,0.20192307692307693,0.7326702666960546,0.3933675499063352,0.39501877158559,0.47307294483928974,0.4451345755693582,0.3627906976744186,1.4503809324074635,1.1351626995095656,215,108,231,,0.4377769247890859,1.0
crisis_2008,spx_crisis_2008,h10_d05,HarRvThreshold,45,251,505,0.7235802469135801,0.7235802469135801,0.20192307692307693,0.7326702666960546,0.3933675499063352,0.39501877158559,0.47307294483928974,0.4451345755693582,0.3627906976744186,1.4503809324074635,1.1351626995095656,215,108,231,,0.4377769247890859,1.0
crisis_2008,spx_crisis_2008,h10_d05,HarRvThreshold,46,251,505,0.7235802469135801,0.7235802469135801,0.20192307692307693,0.7326702666960546,0.3933675499063352,0.39501877158559,0.47307294483928974,0.4451345755693582,0.3627906976744186,1.4503809324074635,1.1351626995095656,215,108,231,,0.4377769247890859,1.0
crisis_2008,spx_crisis_2008,h10_d05,LogisticRegressionL2,42,251,505,0.322165287084483,0.322165287084483,0.5800000000000001,0.31607629427792916,0.174029672825147,0.3043066218246747,0.2989907536515372,0.06930693069306931,0.08571428571428572,0.5956438268834588,1.1280630739164927,35,118,231,,0.3544115688544486,0.822854743076962
crisis_2008,spx_crisis_2008,h10_d05,LogisticRegressionL2,43,251,505,0.322165287084483,0.322165287084483,0.5800000000000001,0.31607629427792916,0.174029672825147,0.3043066218246747,0.2989907536515372,0.06930693069306931,0.08571428571428572,0.5956438268834588,1.1280630739164927,35,118,231,,0.3544115688544486,0.822854743076962
crisis_2008,spx_crisis_2008,h10_d05,LogisticRegressionL2,44,251,505,0.322165287084483,0.322165287084483,0.5800000000000001,0.31607629427792916,0.174029672825147,0.3043066218246747,0.2989907536515372,0.06930693069306931,0.08571428571428572,0.5956438268834588,1.1280630739164927,35,118,231,,0.3544115688544486,0.822854743076962
crisis_2008,spx_crisis_2008,h10_d05,LogisticRegressionL2,45,251,505,0.322165287084483,0.322165287084483,0.5800000000000001,0.31607629427792916,0.174029672825147,0.3043066218246747,0.2989907536515372,0.06930693069306931,0.08571428571428572,0.5956438268834588,1.1280630739164927,35,118,231,,0.3544115688544486,0.822854743076962
crisis_2008,spx_crisis_2008,h10_d05,LogisticRegressionL2,46,251,505,0.322165287084483,0.322165287084483,0.5800000000000001,0.31607629427792916,0.174029672825147,0.3043066218246747,0.2989907536515372,0.06930693069306931,0.08571428571428572,0.5956438268834588,1.1280630739164927,35,118,231,,0.3544115688544486,0.822854743076962
crisis_2008,spx_crisis_2008,h10_d05,LightGbmTuned,42,251,505,0.40625410589935623,0.40625410589935623,0.42500000000000004,0.410535876475931,0.23228233811849613,0.23923150298137497,0.23863312103754308,0.0,,,,0,118,231,50.0,0.4856856377689819,0.5824544430334777
crisis_2008,spx_crisis_2008,h10_d05,LightGbmTuned,43,251,505,0.40625410589935623,0.40625410589935623,0.42500000000000004,0.410535876475931,0.23228233811849613,0.23923150298137497,0.23863312103754308,0.0,,,,0,118,231,50.0,0.4856856377689819,0.5824544430334777
crisis_2008,spx_crisis_2008,h10_d05,LightGbmTuned,44,251,505,0.40625410589935623,0.40625410589935623,0.42500000000000004,0.410535876475931,0.23228233811849613,0.23923150298137497,0.23863312103754308,0.0,,,,0,118,231,50.0,0.4856856377689819,0.5824544430334777
crisis_2008,spx_crisis_2008,h10_d05,LightGbmTuned,45,251,505,0.40625410589935623,0.40625410589935623,0.42500000000000004,0.410535876475931,0.23228233811849613,0.23923150298137497,0.23863312103754308,0.0,,,,0,118,231,50.0,0.4856856377689819,0.5824544430334777
crisis_2008,spx_crisis_2008,h10_d05,LightGbmTuned,46,251,505,0.40625410589935623,0.40625410589935623,0.42500000000000004,0.410535876475931,0.23228233811849613,0.23923150298137497,0.23863312103754308,0.0,,,,0,118,231,50.0,0.4856856377689819,0.5824544430334777
crisis_2008,spx_crisis_2008,h20_d07,NaiveBaseRate,42,251,505,0.5,0.5,0.5,0.5,0.2732673267326733,0.22738416379057944,0.1696816693621554,0.0,,,,0,138,231,,0.11255411255411257,0.11255411255411256
crisis_2008,spx_crisis_2008,h20_d07,NaiveBaseRate,43,251,505,0.5,0.5,0.5,0.5,0.2732673267326733,0.22738416379057944,0.1696816693621554,0.0,,,,0,138,231,,0.11255411255411257,0.11255411255411256
crisis_2008,spx_crisis_2008,h20_d07,NaiveBaseRate,44,251,505,0.5,0.5,0.5,0.5,0.2732673267326733,0.22738416379057944,0.1696816693621554,0.0,,,,0,138,231,,0.11255411255411257,0.11255411255411256
crisis_2008,spx_crisis_2008,h20_d07,NaiveBaseRate,45,251,505,0.5,0.5,0.5,0.5,0.2732673267326733,0.22738416379057944,0.1696816693621554,0.0,,,,0,138,231,,0.11255411255411257,0.11255411255411256
crisis_2008,spx_crisis_2008,h20_d07,NaiveBaseRate,46,251,505,0.5,0.5,0.5,0.5,0.2732673267326733,0.22738416379057944,0.1696816693621554,0.0,,,,0,138,231,,0.11255411255411257,0.11255411255411256
crisis_2008,spx_crisis_2008,h20_d07,VIXPercentileRaw,42,251,505,0.6433084547644433,0.6433084547644433,0.034722222222222224,0.6573902288188003,0.4244804089933577,0.576965099249564,0.6141453986036054,0.4772277227722772,0.3775933609958506,1.2926953347713566,1.1255185314166671,241,138,231,,0.7411255411255411,1.0
crisis_2008,spx_crisis_2008,h20_d07,VIXPercentileRaw,43,251,505,0.6433084547644433,0.6433084547644433,0.034722222222222224,0.6573902288188003,0.4244804089933577,0.576965099249564,0.6141453986036054,0.4772277227722772,0.3775933609958506,1.2926953347713566,1.1255185314166671,241,138,231,,0.7411255411255411,1.0
crisis_2008,spx_crisis_2008,h20_d07,VIXPercentileRaw,44,251,505,0.6433084547644433,0.6433084547644433,0.034722222222222224,0.6573902288188003,0.4244804089933577,0.576965099249564,0.6141453986036054,0.4772277227722772,0.3775933609958506,1.2926953347713566,1.1255185314166671,241,138,231,,0.7411255411255411,1.0
crisis_2008,spx_crisis_2008,h20_d07,VIXPercentileRaw,45,251,505,0.6433084547644433,0.6433084547644433,0.034722222222222224,0.6573902288188003,0.4244804089933577,0.576965099249564,0.6141453986036054,0.4772277227722772,0.3775933609958506,1.2926953347713566,1.1255185314166671,241,138,231,,0.7411255411255411,1.0
crisis_2008,spx_crisis_2008,h20_d07,VIXPercentileRaw,46,251,505,0.6433084547644433,0.6433084547644433,0.034722222222222224,0.6573902288188003,0.4244804089933577,0.576965099249564,0.6141453986036054,0.4772277227722772,0.3775933609958506,1.2926953347713566,1.1255185314166671,241,138,231,,0.7411255411255411,1.0
crisis_2008,spx_crisis_2008,h20_d07,VIXPercentileCalibrated,42,251,505,0.5,0.5,0.5,0.5,0.2732673267326733,0.2071877673878499,0.09271177117711776,0.0,,,,0,138,231,,0.18055555555555552,0.18055555555555555
crisis_2008,spx_crisis_2008,h20_d07,VIXPercentileCalibrated,43,251,505,0.5,0.5,0.5,0.5,0.2732673267326733,0.2071877673878499,0.09271177117711776,0.0,,,,0,138,231,,0.18055555555555552,0.18055555555555555
crisis_2008,spx_crisis_2008,h20_d07,VIXPercentileCalibrated,44,251,505,0.5,0.5,0.5,0.5,0.2732673267326733,0.2071877673878499,0.09271177117711776,0.0,,,,0,138,231,,0.18055555555555552,0.18055555555555555
crisis_2008,spx_crisis_2008,h20_d07,VIXPercentileCalibrated,45,251,505,0.5,0.5,0.5,0.5,0.2732673267326733,0.2071877673878499,0.09271177117711776,0.0,,,,0,138,231,,0.18055555555555552,0.18055555555555555
crisis_2008,spx_crisis_2008,h20_d07,VIXPercentileCalibrated,46,251,505,0.5,0.5,0.5,0.5,0.2732673267326733,0.2071877673878499,0.09271177117711776,0.0,,,,0,138,231,,0.18055555555555552,0.18055555555555555
crisis_2008,spx_crisis_2008,h20_d07,HarRvThreshold,42,251,505,0.7064016230682897,0.7064016230682897,0.2716049382716049,0.708632405014834,0.4531959689423106,0.3716672110520948,0.42338350384550105,0.4451345755693582,0.4232558139534884,1.4259857516341656,1.1206932348601943,215,132,231,,0.4377769247890859,1.0
crisis_2008,spx_crisis_2008,h20_d07,HarRvThreshold,43,251,505,0.7064016230682897,0.7064016230682897,0.2716049382716049,0.708632405014834,0.4531959689423106,0.3716672110520948,0.42338350384550105,0.4451345755693582,0.4232558139534884,1.4259857516341656,1.1206932348601943,215,132,231,,0.4377769247890859,1.0
crisis_2008,spx_crisis_2008,h20_d07,HarRvThreshold,44,251,505,0.7064016230682897,0.7064016230682897,0.2716049382716049,0.708632405014834,0.4531959689423106,0.3716672110520948,0.42338350384550105,0.4451345755693582,0.4232558139534884,1.4259857516341656,1.1206932348601943,215,132,231,,0.4377769247890859,1.0
crisis_2008,spx_crisis_2008,h20_d07,HarRvThreshold,45,251,505,0.7064016230682897,0.7064016230682897,0.2716049382716049,0.708632405014834,0.4531959689423106,0.3716672110520948,0.42338350384550105,0.4451345755693582,0.4232558139534884,1.4259857516341656,1.1206932348601943,215,132,231,,0.4377769247890859,1.0
crisis_2008,spx_crisis_2008,h20_d07,HarRvThreshold,46,251,505,0.7064016230682897,0.7064016230682897,0.2716049382716049,0.708632405014834,0.4531959689423106,0.3716672110520948,0.42338350384550105,0.4451345755693582,0.4232558139534884,1.4259857516341656,1.1206932348601943,215,132,231,,0.4377769247890859,1.0
crisis_2008,spx_crisis_2008,h20_d07,LogisticRegressionL2,42,251,505,0.5361923942660822,0.5361923942660822,0.5208333333333333,0.5305901581411785,0.3067135646616468,0.4250193234997735,0.42054366228764317,0.44554455445544555,0.28444444444444444,1.1522373909631316,1.2156603519243634,225,138,231,,0.4824700184953413,0.9390666535891272
crisis_2008,spx_crisis_2008,h20_d07,LogisticRegressionL2,43,251,505,0.5361923942660822,0.5361923942660822,0.5208333333333333,0.5305901581411785,0.3067135646616468,0.4250193234997735,0.42054366228764317,0.44554455445544555,0.28444444444444444,1.1522373909631316,1.2156603519243634,225,138,231,,0.4824700184953413,0.9390666535891272
crisis_2008,spx_crisis_2008,h20_d07,LogisticRegressionL2,44,251,505,0.5361923942660822,0.5361923942660822,0.5208333333333333,0.5305901581411785,0.3067135646616468,0.4250193234997735,0.42054366228764317,0.44554455445544555,0.28444444444444444,1.1522373909631316,1.2156603519243634,225,138,231,,0.4824700184953413,0.9390666535891272
crisis_2008,spx_crisis_2008,h20_d07,LogisticRegressionL2,45,251,505,0.5361923942660822,0.5361923942660822,0.5208333333333333,0.5305901581411785,0.3067135646616468,0.4250193234997735,0.42054366228764317,0.44554455445544555,0.28444444444444444,1.1522373909631316,1.2156603519243634,225,138,231,,0.4824700184953413,0.9390666535891272
crisis_2008,spx_crisis_2008,h20_d07,LogisticRegressionL2,46,251,505,0.5361923942660822,0.5361923942660822,0.5208333333333333,0.5305901581411785,0.3067135646616468,0.4250193234997735,0.42054366228764317,0.44554455445544555,0.28444444444444444,1.1522373909631316,1.2156603519243634,225,138,231,,0.4824700184953413,0.9390666535891272
crisis_2008,spx_crisis_2008,h20_d07,LightGbmTuned,42,251,505,0.4863661493503929,0.4863661493503929,0.3263888888888889,0.4932304090467356,0.2706713606467602,0.247939315083379,0.21800941382423517,0.0,,,,0,138,231,50.0,0.499128748930213,0.5793423981271689
crisis_2008,spx_crisis_2008,h20_d07,LightGbmTuned,43,251,505,0.4863661493503929,0.4863661493503929,0.3263888888888889,0.4932304090467356,0.2706713606467602,0.247939315083379,0.21800941382423517,0.0,,,,0,138,231,50.0,0.499128748930213,0.5793423981271689
crisis_2008,spx_crisis_2008,h20_d07,LightGbmTuned,44,251,505,0.4863661493503929,0.4863661493503929,0.3263888888888889,0.4932304090467356,0.2706713606467602,0.247939315083379,0.21800941382423517,0.0,,,,0,138,231,50.0,0.499128748930213,0.5793423981271689
crisis_2008,spx_crisis_2008,h20_d07,LightGbmTuned,45,251,505,0.4863661493503929,0.4863661493503929,0.3263888888888889,0.4932304090467356,0.2706713606467602,0.247939315083379,0.21800941382423517,0.0,,,,0,138,231,50.0,0.499128748930213,0.5793423981271689
crisis_2008,spx_crisis_2008,h20_d07,LightGbmTuned,46,251,505,0.4863661493503929,0.4863661493503929,0.3263888888888889,0.4932304090467356,0.2706713606467602,0.247939315083379,0.21800941382423517,0.0,,,,0,138,231,50.0,0.499128748930213,0.5793423981271689
crisis_2020,spx_full,h5_d03,NaiveBaseRate,42,2229,253,0.5,0.5,,0.5,0.20553359683794467,0.18011547817156595,0.1297148440339967,0.0,,,,0,52,1574,,0.061626429479034316,0.06162642947903431
crisis_2020,spx_full,h5_d03,NaiveBaseRate,43,2229,253,0.5,0.5,,0.5,0.20553359683794467,0.18011547817156595,0.1297148440339967,0.0,,,,0,52,1574,,0.061626429479034316,0.06162642947903431
crisis_2020,spx_full,h5_d03,NaiveBaseRate,44,2229,253,0.5,0.5,,0.5,0.20553359683794467,0.18011547817156595,0.1297148440339967,0.0,,,,0,52,1574,,0.061626429479034316,0.06162642947903431
crisis_2020,spx_full,h5_d03,NaiveBaseRate,45,2229,253,0.5,0.5,,0.5,0.20553359683794467,0.18011547817156595,0.1297148440339967,0.0,,,,0,52,1574,,0.061626429479034316,0.06162642947903431
crisis_2020,spx_full,h5_d03,NaiveBaseRate,46,2229,253,0.5,0.5,,0.5,0.20553359683794467,0.18011547817156595,0.1297148440339967,0.0,,,,0,52,1574,,0.061626429479034316,0.06162642947903431
crisis_2020,spx_full,h5_d03,VIXPercentileRaw,42,2229,253,0.6788652889399158,0.6788652889399158,,0.6283738191632928,0.379568304924152,0.6367531868278612,0.6746923858516112,0.4980237154150198,0.2777777777777778,1.295100363551508,1.0608346930628059,126,52,1574,,0.6019377382465056,0.9104193138500636
crisis_2020,spx_full,h5_d03,VIXPercentileRaw,43,2229,253,0.6788652889399158,0.6788652889399158,,0.6283738191632928,0.379568304924152,0.6367531868278612,0.6746923858516112,0.4980237154150198,0.2777777777777778,1.295100363551508,1.0608346930628059,126,52,1574,,0.6019377382465056,0.9104193138500636
crisis_2020,spx_full,h5_d03,VIXPercentileRaw,44,2229,253,0.6788652889399158,0.6788652889399158,,0.6283738191632928,0.379568304924152,0.6367531868278612,0.6746923858516112,0.4980237154150198,0.2777777777777778,1.295100363551508,1.0608346930628059,126,52,1574,,0.6019377382465056,0.9104193138500636
crisis_2020,spx_full,h5_d03,VIXPercentileRaw,45,2229,253,0.6788652889399158,0.6788652889399158,,0.6283738191632928,0.379568304924152,0.6367531868278612,0.6746923858516112,0.4980237154150198,0.2777777777777778,1.295100363551508,1.0608346930628059,126,52,1574,,0.6019377382465056,0.9104193138500636
crisis_2020,spx_full,h5_d03,VIXPercentileRaw,46,2229,253,0.6788652889399158,0.6788652889399158,,0.6283738191632928,0.379568304924152,0.6367531868278612,0.6746923858516112,0.4980237154150198,0.2777777777777778,1.295100363551508,1.0608346930628059,126,52,1574,,0.6019377382465056,0.9104193138500636
crisis_2020,spx_full,h5_d03,VIXPercentileCalibrated,42,2229,253,0.676903941829315,0.676903941829315,,0.6265182186234818,0.3045769372211603,0.1550248637059767,0.05678122844498319,0.30434782608695654,0.33766233766233766,1.692838472529643,1.170701526288169,77,52,1574,,0.07017842144276677,0.16312056737588654
crisis_2020,spx_full,h5_d03,VIXPercentileCalibrated,43,2229,253,0.676903941829315,0.676903941829315,,0.6265182186234818,0.3045769372211603,0.1550248637059767,0.05678122844498319,0.30434782608695654,0.33766233766233766,1.692838472529643,1.170701526288169,77,52,1574,,0.07017842144276677,0.16312056737588654
crisis_2020,spx_full,h5_d03,VIXPercentileCalibrated,44,2229,253,0.676903941829315,0.676903941829315,,0.6265182186234818,0.3045769372211603,0.1550248637059767,0.05678122844498319,0.30434782608695654,0.33766233766233766,1.692838472529643,1.170701526288169,77,52,1574,,0.07017842144276677,0.16312056737588654
crisis_2020,spx_full,h5_d03,VIXPercentileCalibrated,45,2229,253,0.676903941829315,0.676903941829315,,0.6265182186234818,0.3045769372211603,0.1550248637059767,0.05678122844498319,0.30434782608695654,0.33766233766233766,1.692838472529643,1.170701526288169,77,52,1574,,0.07017842144276677,0.16312056737588654
crisis_2020,spx_full,h5_d03,VIXPercentileCalibrated,46,2229,253,0.676903941829315,0.676903941829315,,0.6265182186234818,0.3045769372211603,0.1550248637059767,0.05678122844498319,0.30434782608695654,0.33766233766233766,1.692838472529643,1.170701526288169,77,52,1574,,0.07017842144276677,0.16312056737588654
crisis_2020,spx_full,h5_d03,HarRvThreshold,42,2229,253,0.6339707778255265,0.6339707778255265,0.735,0.5796042899408285,0.38748754182820727,0.1961251703644476,0.15141270706200388,0.30735930735930733,0.352112676056338,1.7457917938580922,1.2428685498275365,71,52,1574,,0.05337018929775342,0.23045948485542084
crisis_2020,spx_full,h5_d03,HarRvThreshold,43,2229,253,0.6339707778255265,0.6339707778255265,0.735,0.5796042899408285,0.38748754182820727,0.1961251703644476,0.15141270706200388,0.30735930735930733,0.352112676056338,1.7457917938580922,1.2428685498275365,71,52,1574,,0.05337018929775342,0.23045948485542084
crisis_2020,spx_full,h5_d03,HarRvThreshold,44,2229,253,0.6339707778255265,0.6339707778255265,0.735,0.5796042899408285,0.38748754182820727,0.1961251703644476,0.15141270706200388,0.30735930735930733,0.352112676056338,1.7457917938580922,1.2428685498275365,71,52,1574,,0.05337018929775342,0.23045948485542084
crisis_2020,spx_full,h5_d03,HarRvThreshold,45,2229,253,0.6339707778255265,0.6339707778255265,0.735,0.5796042899408285,0.38748754182820727,0.1961251703644476,0.15141270706200388,0.30735930735930733,0.352112676056338,1.7457917938580922,1.2428685498275365,71,52,1574,,0.05337018929775342,0.23045948485542084
crisis_2020,spx_full,h5_d03,HarRvThreshold,46,2229,253,0.6339707778255265,0.6339707778255265,0.735,0.5796042899408285,0.38748754182820727,0.1961251703644476,0.15141270706200388,0.30735930735930733,0.352112676056338,1.7457917938580922,1.2428685498275365,71,52,1574,,0.05337018929775342,0.23045948485542084
crisis_2020,spx_full,h5_d03,LogisticRegressionL2,42,2229,253,,,,,,,,,,,,0,0,1574,,0.3646299445865627,0.8296275366348822
crisis_2020,spx_full,h5_d03,LogisticRegressionL2,43,2229,253,,,,,,,,,,,,0,0,1574,,0.3646299445865627,0.8296275366348822
crisis_2020,spx_full,h5_d03,LogisticRegressionL2,44,2229,253,,,,,,,,,,,,0,0,1574,,0.3646299445865627,0.8296275366348822
crisis_2020,spx_full,h5_d03,LogisticRegressionL2,45,2229,253,,,,,,,,,,,,0,0,1574,,0.3646299445865627,0.8296275366348822
crisis_2020,spx_full,h5_d03,LogisticRegressionL2,46,2229,253,,,,,,,,,,,,0,0,1574,,0.3646299445865627,0.8296275366348822
crisis_2020,spx_full,h5_d03,LightGbmTuned,42,2229,253,,,,,,,,,,,,0,0,1574,50.0,0.35877381402187514,0.677771516059182
crisis_2020,spx_full,h5_d03,LightGbmTuned,43,2229,253,,,,,,,,,,,,0,0,1574,50.0,0.35877381402187514,0.677771516059182
crisis_2020,spx_full,h5_d03,LightGbmTuned,44,2229,253,,,,,,,,,,,,0,0,1574,50.0,0.35877381402187514,0.677771516059182
crisis_2020,spx_full,h5_d03,LightGbmTuned,45,2229,253,,,,,,,,,,,,0,0,1574,50.0,0.35877381402187514,0.677771516059182
crisis_2020,spx_full,h5_d03,LightGbmTuned,46,2229,253,,,,,,,,,,,,0,0,1574,50.0,0.35877381402187514,0.677771516059182
crisis_2020,spx_full,h10_d05,NaiveBaseRate,42,2229,253,0.5,0.5,0.5,0.5,0.16996047430830039,0.1537381772755492,0.11253562011359425,0.0,,,,0,43,1574,,0.04828462515883101,0.048284625158831
crisis_2020,spx_full,h10_d05,NaiveBaseRate,43,2229,253,0.5,0.5,0.5,0.5,0.16996047430830039,0.1537381772755492,0.11253562011359425,0.0,,,,0,43,1574,,0.04828462515883101,0.048284625158831
crisis_2020,spx_full,h10_d05,NaiveBaseRate,44,2229,253,0.5,0.5,0.5,0.5,0.16996047430830039,0.1537381772755492,0.11253562011359425,0.0,,,,0,43,1574,,0.04828462515883101,0.048284625158831
crisis_2020,spx_full,h10_d05,NaiveBaseRate,45,2229,253,0.5,0.5,0.5,0.5,0.16996047430830039,0.1537381772755492,0.11253562011359425,0.0,,,,0,43,1574,,0.04828462515883101,0.048284625158831
crisis_2020,spx_full,h10_d05,NaiveBaseRate,46,2229,253,0.5,0.5,0.5,0.5,0.16996047430830039,0.1537381772755492,0.11253562011359425,0.0,,,,0,43,1574,,0.04828462515883101,0.048284625158831
crisis_2020,spx_full,h10_d05,VIXPercentileRaw,42,2229,253,0.6,0.6,0.5961538461538461,0.6112040133779264,0.31223878985364395,0.6859058404044132,0.7130353213213533,0.4980237154150198,0.21428571428571427,1.2590112289818816,1.1000118432588628,126,43,1574,,0.6019377382465056,0.9104193138500636
crisis_2020,spx_full,h10_d05,VIXPercentileRaw,43,2229,253,0.6,0.6,0.5961538461538461,0.6112040133779264,0.31223878985364395,0.6859058404044132,0.7130353213213533,0.4980237154150198,0.21428571428571427,1.2590112289818816,1.1000118432588628,126,43,1574,,0.6019377382465056,0.9104193138500636
crisis_2020,spx_full,h10_d05,VIXPercentileRaw,44,2229,253,0.6,0.6,0.5961538461538461,0.6112040133779264,0.31223878985364395,0.6859058404044132,0.7130353213213533,0.4980237154150198,0.21428571428571427,1.2590112289818816,1.1000118432588628,126,43,1574,,0.6019377382465056,0.9104193138500636
crisis_2020,spx_full,h10_d05,VIXPercentileRaw,45,2229,253,0.6,0.6,0.5961538461538461,0.6112040133779264,0.31223878985364395,0.6859058404044132,0.7130353213213533,0.4980237154150198,0.21428571428571427,1.2590112289818816,1.1000118432588628,126,43,1574,,0.6019377382465056,0.9104193138500636
crisis_2020,spx_full,h10_d05,VIXPercentileRaw,46,2229,253,0.6,0.6,0.5961538461538461,0.6112040133779264,0.31223878985364395,0.6859058404044132,0.7130353213213533,0.4980237154150198,0.21428571428571427,1.2590112289818816,1.1000118432588628,126,43,1574,,0.6019377382465056,0.9104193138500636
crisis_2020,spx_full,h10_d05,VIXPercentileCalibrated,42,2229,253,0.5523809523809524,0.5523809523809524,0.34615384615384615,0.5572045707915273,0.20062934295736257,0.14293115348477098,0.029906498885680272,0.31620553359683795,0.225,1.5249500249577255,1.3342951742630291,80,43,1574,,0.05445997341617612,0.08187134502923976
crisis_2020,spx_full,h10_d05,VIXPercentileCalibrated,43,2229,253,0.5523809523809524,0.5523809523809524,0.34615384615384615,0.5572045707915273,0.20062934295736257,0.14293115348477098,0.029906498885680272,0.31620553359683795,0.225,1.5249500249577255,1.3342951742630291,80,43,1574,,0.05445997341617612,0.08187134502923976
crisis_2020,spx_full,h10_d05,VIXPercentileCalibrated,44,2229,253,0.5523809523809524,0.5523809523809524,0.34615384615384615,0.5572045707915273,0.20062934295736257,0.14293115348477098,0.029906498885680272,0.31620553359683795,0.225,1.5249500249577255,1.3342951742630291,80,43,1574,,0.05445997341617612,0.08187134502923976
crisis_2020,spx_full,h10_d05,VIXPercentileCalibrated,45,2229,253,0.5523809523809524,0.5523809523809524,0.34615384615384615,0.5572045707915273,0.20062934295736257,0.14293115348477098,0.029906498885680272,0.31620553359683795,0.225,1.5249500249577255,1.3342951742630291,80,43,1574,,0.05445997341617612,0.08187134502923976
crisis_2020,spx_full,h10_d05,VIXPercentileCalibrated,46,2229,253,0.5523809523809524,0.5523809523809524,0.34615384615384615,0.5572045707915273,0.20062934295736257,0.14293115348477098,0.029906498885680272,0.31620553359683795,0.225,1.5249500249577255,1.3342951742630291,80,43,1574,,0.05445997341617612,0.08187134502923976
crisis_2020,spx_full,h10_d05,HarRvThreshold,42,2229,253,0.5827560613557645,0.5827560613557645,0.6634615384615385,0.5038363171355499,0.33004248952772763,0.18131298687849473,0.14799917564365134,0.30735930735930733,0.29577464788732394,1.7398081057551098,1.3070949816030377,71,43,1574,,0.05337018929775342,0.23045948485542084
crisis_2020,spx_full,h10_d05,HarRvThreshold,43,2229,253,0.5827560613557645,0.5827560613557645,0.6634615384615385,0.5038363171355499,0.33004248952772763,0.18131298687849473,0.14799917564365134,0.30735930735930733,0.29577464788732394,1.7398081057551098,1.3070949816030377,71,43,1574,,0.05337018929775342,0.23045948485542084
crisis_2020,spx_full,h10_d05,HarRvThreshold,44,2229,253,0.5827560613557645,0.5827560613557645,0.6634615384615385,0.5038363171355499,0.33004248952772763,0.18131298687849473,0.14799917564365134,0.30735930735930733,0.29577464788732394,1.7398081057551098,1.3070949816030377,71,43,1574,,0.05337018929775342,0.23045948485542084
crisis_2020,spx_full,h10_d05,HarRvThreshold,45,2229,253,0.5827560613557645,0.5827560613557645,0.6634615384615385,0.5038363171355499,0.33004248952772763,0.18131298687849473,0.14799917564365134,0.30735930735930733,0.29577464788732394,1.7398081057551098,1.3070949816030377,71,43,1574,,0.05337018929775342,0.23045948485542084
crisis_2020,spx_full,h10_d05,HarRvThreshold,46,2229,253,0.5827560613557645,0.5827560613557645,0.6634615384615385,0.5038363171355499,0.33004248952772763,0.18131298687849473,0.14799917564365134,0.30735930735930733,0.29577464788732394,1.7398081057551098,1.3070949816030377,71,43,1574,,0.05337018929775342,0.23045948485542084
crisis_2020,spx_full,h10_d05,LogisticRegressionL2,42,2229,253,,,,,,,,,,,,0,0,1574,,0.28896082910439935,0.822641101249415
crisis_2020,spx_full,h10_d05,LogisticRegressionL2,43,2229,253,,,,,,,,,,,,0,0,1574,,0.28896082910439935,0.822641101249415
crisis_2020,spx_full,h10_d05,LogisticRegressionL2,44,2229,253,,,,,,,,,,,,0,0,1574,,0.28896082910439935,0.822641101249415
crisis_2020,spx_full,h10_d05,LogisticRegressionL2,45,2229,253,,,,,,,,,,,,0,0,1574,,0.28896082910439935,0.822641101249415
crisis_2020,spx_full,h10_d05,LogisticRegressionL2,46,2229,253,,,,,,,,,,,,0,0,1574,,0.28896082910439935,0.822641101249415
crisis_2020,spx_full,h10_d05,LightGbmTuned,42,2229,253,,,,,,,,,,,,0,0,1574,50.0,0.39119047449949035,0.6457697624101312
crisis_2020,spx_full,h10_d05,LightGbmTuned,43,2229,253,,,,,,,,,,,,0,0,1574,50.0,0.39119047449949035,0.6457697624101312
crisis_2020,spx_full,h10_d05,LightGbmTuned,44,2229,253,,,,,,,,,,,,0,0,1574,50.0,0.39119047449949035,0.6457697624101312
crisis_2020,spx_full,h10_d05,LightGbmTuned,45,2229,253,,,,,,,,,,,,0,0,1574,50.0,0.39119047449949035,0.6457697624101312
crisis_2020,spx_full,h10_d05,LightGbmTuned,46,2229,253,,,,,,,,,,,,0,0,1574,50.0,0.39119047449949035,0.6457697624101312
crisis_2020,spx_full,h20_d07,NaiveBaseRate,42,2229,253,0.5,0.5,0.5,0.5,0.16205533596837945,0.14702439649090968,0.10597637679386171,0.0,,,,0,41,1574,,0.050190597204574326,0.05019059720457433
crisis_2020,spx_full,h20_d07,NaiveBaseRate,43,2229,253,0.5,0.5,0.5,0.5,0.16205533596837945,0.14702439649090968,0.10597637679386171,0.0,,,,0,41,1574,,0.050190597204574326,0.05019059720457433
crisis_2020,spx_full,h20_d07,NaiveBaseRate,44,2229,253,0.5,0.5,0.5,0.5,0.16205533596837945,0.14702439649090968,0.10597637679386171,0.0,,,,0,41,1574,,0.050190597204574326,0.05019059720457433
crisis_2020,spx_full,h20_d07,NaiveBaseRate,45,2229,253,0.5,0.5,0.5,0.5,0.16205533596837945,0.14702439649090968,0.10597637679386171,0.0,,,,0,41,1574,,0.050190597204574326,0.05019059720457433
crisis_2020,spx_full,h20_d07,NaiveBaseRate,46,2229,253,0.5,0.5,0.5,0.5,0.16205533596837945,0.14702439649090968,0.10597637679386171,0.0,,,,0,41,1574,,0.050190597204574326,0.05019059720457433
crisis_2020,spx_full,h20_d07,VIXPercentileRaw,42,2229,253,0.44351127473538887,0.44351127473538887,0.8842592592592592,0.560966939210807,0.19413999072516847,0.715529716830326,0.7531639172460753,0.4980237154150198,0.12698412698412698,0.9669766080425028,1.166869119445341,126,41,1574,,0.6019377382465056,0.9104193138500636
crisis_2020,spx_full,h20_d07,VIXPercentileRaw,43,2229,253,0.44351127473538887,0.44351127473538887,0.8842592592592592,0.560966939210807,0.19413999072516847,0.715529716830326,0.7531639172460753,0.4980237154150198,0.12698412698412698,0.9669766080425028,1.166869119445341,126,41,1574,,0.6019377382465056,0.9104193138500636
crisis_2020,spx_full,h20_d07,VIXPercentileRaw,44,2229,253,0.44351127473538887,0.44351127473538887,0.8842592592592592,0.560966939210807,0.19413999072516847,0.715529716830326,0.7531639172460753,0.4980237154150198,0.12698412698412698,0.9669766080425028,1.166869119445341,126,41,1574,,0.6019377382465056,0.9104193138500636
crisis_2020,spx_full,h20_d07,VIXPercentileRaw,45,2229,253,0.44351127473538887,0.44351127473538887,0.8842592592592592,0.560966939210807,0.19413999072516847,0.715529716830326,0.7531639172460753,0.4980237154150198,0.12698412698412698,0.9669766080425028,1.166869119445341,126,41,1574,,0.6019377382465056,0.9104193138500636
crisis_2020,spx_full,h20_d07,VIXPercentileRaw,46,2229,253,0.44351127473538887,0.44351127473538887,0.8842592592592592,0.560966939210807,0.19413999072516847,0.715529716830326,0.7531639172460753,0.4980237154150198,0.12698412698412698,0.9669766080425028,1.166869119445341,126,41,1574,,0.6019377382465056,0.9104193138500636
crisis_2020,spx_full,h20_d07,VIXPercentileCalibrated,42,2229,253,0.40410722503451457,0.40410722503451457,0.6134259259259259,0.515286171347316,0.14924692174786441,0.1449647566231942,0.084301863260231,0.31620553359683795,0.175,1.0925610927263152,1.1134698465873687,80,41,1574,,0.050640185059634864,0.08088235294117647
crisis_2020,spx_full,h20_d07,VIXPercentileCalibrated,43,2229,253,0.40410722503451457,0.40410722503451457,0.6134259259259259,0.515286171347316,0.14924692174786441,0.1449647566231942,0.084301863260231,0.31620553359683795,0.175,1.0925610927263152,1.1134698465873687,80,41,1574,,0.050640185059634864,0.08088235294117647
crisis_2020,spx_full,h20_d07,VIXPercentileCalibrated,44,2229,253,0.40410722503451457,0.40410722503451457,0.6134259259259259,0.515286171347316,0.14924692174786441,0.1449647566231942,0.084301863260231,0.31620553359683795,0.175,1.0925610927263152,1.1134698465873687,80,41,1574,,0.050640185059634864,0.08088235294117647
crisis_2020,spx_full,h20_d07,VIXPercentileCalibrated,45,2229,253,0.40410722503451457,0.40410722503451457,0.6134259259259259,0.515286171347316,0.14924692174786441,0.1449647566231942,0.084301863260231,0.31620553359683795,0.175,1.0925610927263152,1.1134698465873687,80,41,1574,,0.050640185059634864,0.08088235294117647
crisis_2020,spx_full,h20_d07,VIXPercentileCalibrated,46,2229,253,0.40410722503451457,0.40410722503451457,0.6134259259259259,0.515286171347316,0.14924692174786441,0.1449647566231942,0.084301863260231,0.31620553359683795,0.175,1.0925610927263152,1.1134698465873687,80,41,1574,,0.050640185059634864,0.08088235294117647
crisis_2020,spx_full,h20_d07,HarRvThreshold,42,2229,253,0.5242407355809418,0.5242407355809418,0.10344827586206896,0.3487694300518135,0.2299285571384486,0.19218314678639548,0.17397320161767732,0.30735930735930733,0.23943661971830985,1.429324025221415,1.1344366767771723,71,37,1574,,0.05337018929775342,0.23045948485542084
crisis_2020,spx_full,h20_d07,HarRvThreshold,43,2229,253,0.5242407355809418,0.5242407355809418,0.10344827586206896,0.3487694300518135,0.2299285571384486,0.19218314678639548,0.17397320161767732,0.30735930735930733,0.23943661971830985,1.429324025221415,1.1344366767771723,71,37,1574,,0.05337018929775342,0.23045948485542084
crisis_2020,spx_full,h20_d07,HarRvThreshold,44,2229,253,0.5242407355809418,0.5242407355809418,0.10344827586206896,0.3487694300518135,0.2299285571384486,0.19218314678639548,0.17397320161767732,0.30735930735930733,0.23943661971830985,1.429324025221415,1.1344366767771723,71,37,1574,,0.05337018929775342,0.23045948485542084
crisis_2020,spx_full,h20_d07,HarRvThreshold,45,2229,253,0.5242407355809418,0.5242407355809418,0.10344827586206896,0.3487694300518135,0.2299285571384486,0.19218314678639548,0.17397320161767732,0.30735930735930733,0.23943661971830985,1.429324025221415,1.1344366767771723,71,37,1574,,0.05337018929775342,0.23045948485542084
crisis_2020,spx_full,h20_d07,HarRvThreshold,46,2229,253,0.5242407355809418,0.5242407355809418,0.10344827586206896,0.3487694300518135,0.2299285571384486,0.19218314678639548,0.17397320161767732,0.30735930735930733,0.23943661971830985,1.429324025221415,1.1344366767771723,71,37,1574,,0.05337018929775342,0.23045948485542084
crisis_2020,spx_full,h20_d07,LogisticRegressionL2,42,2229,253,,,,,,,,,,,,0,0,1574,,0.26404187526844053,0.7650170166179129
crisis_2020,spx_full,h20_d07,LogisticRegressionL2,43,2229,253,,,,,,,,,,,,0,0,1574,,0.26404187526844053,0.7650170166179129
crisis_2020,spx_full,h20_d07,LogisticRegressionL2,44,2229,253,,,,,,,,,,,,0,0,1574,,0.26404187526844053,0.7650170166179129
crisis_2020,spx_full,h20_d07,LogisticRegressionL2,45,2229,253,,,,,,,,,,,,0,0,1574,,0.26404187526844053,0.7650170166179129
crisis_2020,spx_full,h20_d07,LogisticRegressionL2,46,2229,253,,,,,,,,,,,,0,0,1574,,0.26404187526844053,0.7650170166179129
crisis_2020,spx_full,h20_d07,LightGbmTuned,42,2229,253,,,,,,,,,,,,0,0,1574,50.0,0.45545616344360945,0.6023684568852207
crisis_2020,spx_full,h20_d07,LightGbmTuned,43,2229,253,,,,,,,,,,,,0,0,1574,50.0,0.45545616344360945,0.6023684568852207
crisis_2020,spx_full,h20_d07,LightGbmTuned,44,2229,253,,,,,,,,,,,,0,0,1574,50.0,0.45545616344360945,0.6023684568852207
crisis_2020,spx_full,h20_d07,LightGbmTuned,45,2229,253,,,,,,,,,,,,0,0,1574,50.0,0.45545616344360945,0.6023684568852207
crisis_2020,spx_full,h20_d07,LightGbmTuned,46,2229,253,,,,,,,,,,,,0,0,1574,50.0,0.45545616344360945,0.6023684568852207
crisis_2020,spx_crisis_2008,h5_d03,NaiveBaseRate,42,2229,253,0.5,0.5,,0.5,0.20553359683794467,0.18011547817156595,0.1297148440339967,0.0,,,,0,52,2209,,0.07469443186962428,0.07469443186962427
crisis_2020,spx_crisis_2008,h5_d03,NaiveBaseRate,43,2229,253,0.5,0.5,,0.5,0.20553359683794467,0.18011547817156595,0.1297148440339967,0.0,,,,0,52,2209,,0.07469443186962428,0.07469443186962427
crisis_2020,spx_crisis_2008,h5_d03,NaiveBaseRate,44,2229,253,0.5,0.5,,0.5,0.20553359683794467,0.18011547817156595,0.1297148440339967,0.0,,,,0,52,2209,,0.07469443186962428,0.07469443186962427
crisis_2020,spx_crisis_2008,h5_d03,NaiveBaseRate,45,2229,253,0.5,0.5,,0.5,0.20553359683794467,0.18011547817156595,0.1297148440339967,0.0,,,,0,52,2209,,0.07469443186962428,0.07469443186962427
crisis_2020,spx_crisis_2008,h5_d03,NaiveBaseRate,46,2229,253,0.5,0.5,,0.5,0.20553359683794467,0.18011547817156595,0.1297148440339967,0.0,,,,0,52,2209,,0.07469443186962428,0.07469443186962427
crisis_2020,spx_crisis_2008,h5_d03,VIXPercentileRaw,42,2229,253,0.6788652889399158,0.6788652889399158,,0.6283738191632928,0.379568304924152,0.6367531868278612,0.6746923858516112,0.4980237154150198,0.2777777777777778,1.295100363551508,1.0608346930628059,126,52,2209,,0.345261807756149,0.8564961521050249
crisis_2020,spx_crisis_2008,h5_d03,VIXPercentileRaw,43,2229,253,0.6788652889399158,0.6788652889399158,,0.6283738191632928,0.379568304924152,0.6367531868278612,0.6746923858516112,0.4980237154150198,0.2777777777777778,1.295100363551508,1.0608346930628059,126,52,2209,,0.345261807756149,0.8564961521050249
crisis_2020,spx_crisis_2008,h5_d03,VIXPercentileRaw,44,2229,253,0.6788652889399158,0.6788652889399158,,0.6283738191632928,0.379568304924152,0.6367531868278612,0.6746923858516112,0.4980237154150198,0.2777777777777778,1.295100363551508,1.0608346930628059,126,52,2209,,0.345261807756149,0.8564961521050249
crisis_2020,spx_crisis_2008,h5_d03,VIXPercentileRaw,45,2229,253,0.6788652889399158,0.6788652889399158,,0.6283738191632928,0.379568304924152,0.6367531868278612,0.6746923858516112,0.4980237154150198,0.2777777777777778,1.295100363551508,1.0608346930628059,126,52,2209,,0.345261807756149,0.8564961521050249
crisis_2020,spx_crisis_2008,h5_d03,VIXPercentileRaw,46,2229,253,0.6788652889399158,0.6788652889399158,,0.6283738191632928,0.379568304924152,0.6367531868278612,0.6746923858516112,0.4980237154150198,0.2777777777777778,1.295100363551508,1.0608346930628059,126,52,2209,,0.345261807756149,0.8564961521050249
crisis_2020,spx_crisis_2008,h5_d03,VIXPercentileCalibrated,42,2229,253,0.676903941829315,0.676903941829315,,0.6265182186234818,0.3045769372211603,0.1550248637059767,0.05678122844498319,0.30434782608695654,0.33766233766233766,1.692838472529643,1.170701526288169,77,52,2209,,0.03880499022373483,0.14423076923076922
crisis_2020,spx_crisis_2008,h5_d03,VIXPercentileCalibrated,43,2229,253,0.676903941829315,0.676903941829315,,0.6265182186234818,0.3045769372211603,0.1550248637059767,0.05678122844498319,0.30434782608695654,0.33766233766233766,1.692838472529643,1.170701526288169,77,52,2209,,0.03880499022373483,0.14423076923076922
crisis_2020,spx_crisis_2008,h5_d03,VIXPercentileCalibrated,44,2229,253,0.676903941829315,0.676903941829315,,0.6265182186234818,0.3045769372211603,0.1550248637059767,0.05678122844498319,0.30434782608695654,0.33766233766233766,1.692838472529643,1.170701526288169,77,52,2209,,0.03880499022373483,0.14423076923076922
crisis_2020,spx_crisis_2008,h5_d03,VIXPercentileCalibrated,45,2229,253,0.676903941829315,0.676903941829315,,0.6265182186234818,0.3045769372211603,0.1550248637059767,0.05678122844498319,0.30434782608695654,0.33766233766233766,1.692838472529643,1.170701526288169,77,52,2209,,0.03880499022373483,0.14423076923076922
crisis_2020,spx_crisis_2008,h5_d03,VIXPercentileCalibrated,46,2229,253,0.676903941829315,0.676903941829315,,0.6265182186234818,0.3045769372211603,0.1550248637059767,0.05678122844498319,0.30434782608695654,0.33766233766233766,1.692838472529643,1.170701526288169,77,52,2209,,0.03880499022373483,0.14423076923076922
crisis_2020,spx_crisis_2008,h5_d03,HarRvThreshold,42,2229,253,0.6339707778255265,0.6339707778255265,0.735,0.5796042899408285,0.38748754182820727,0.1961251703644476,0.15141270706200388,0.30735930735930733,0.352112676056338,1.7457917938580922,1.2428685498275365,71,52,2209,,0.017425153072059482,0.08035836744005015
crisis_2020,spx_crisis_2008,h5_d03,HarRvThreshold,43,2229,253,0.6339707778255265,0.6339707778255265,0.735,0.5796042899408285,0.38748754182820727,0.1961251703644476,0.15141270706200388,0.30735930735930733,0.352112676056338,1.7457917938580922,1.2428685498275365,71,52,2209,,0.017425153072059482,0.08035836744005015
crisis_2020,spx_crisis_2008,h5_d03,HarRvThreshold,44,2229,253,0.6339707778255265,0.6339707778255265,0.735,0.5796042899408285,0.38748754182820727,0.1961251703644476,0.15141270706200388,0.30735930735930733,0.352112676056338,1.7457917938580922,1.2428685498275365,71,52,2209,,0.017425153072059482,0.08035836744005015
crisis_2020,spx_crisis_2008,h5_d03,HarRvThreshold,45,2229,253,0.6339707778255265,0.6339707778255265,0.735,0.5796042899408285,0.38748754182820727,0.1961251703644476,0.15141270706200388,0.30735930735930733,0.352112676056338,1.7457917938580922,1.2428685498275365,71,52,2209,,0.017425153072059482,0.08035836744005015
crisis_2020,spx_crisis_2008,h5_d03,HarRvThreshold,46,2229,253,0.6339707778255265,0.6339707778255265,0.735,0.5796042899408285,0.38748754182820727,0.1961251703644476,0.15141270706200388,0.30735930735930733,0.352112676056338,1.7457917938580922,1.2428685498275365,71,52,2209,,0.017425153072059482,0.08035836744005015
crisis_2020,spx_crisis_2008,h5_d03,LogisticRegressionL2,42,2229,253,0.6619785686949867,0.6619785686949867,,0.6361898335582546,0.37574236460351,0.32183301935181086,0.38560926106864274,0.28063241106719367,0.43661971830985913,2.1385622456243585,1.1086350688589697,71,52,2209,,0.32540027556597195,0.5810438810547008
crisis_2020,spx_crisis_2008,h5_d03,LogisticRegressionL2,43,2229,253,0.6619785686949867,0.6619785686949867,,0.6361898335582546,0.37574236460351,0.32183301935181086,0.38560926106864274,0.28063241106719367,0.43661971830985913,2.1385622456243585,1.1086350688589697,71,52,2209,,0.32540027556597195,0.5810438810547008
crisis_2020,spx_crisis_2008,h5_d03,LogisticRegressionL2,44,2229,253,0.6619785686949867,0.6619785686949867,,0.6361898335582546,0.37574236460351,0.32183301935181086,0.38560926106864274,0.28063241106719367,0.43661971830985913,2.1385622456243585,1.1086350688589697,71,52,2209,,0.32540027556597195,0.5810438810547008
crisis_2020,spx_crisis_2008,h5_d03,LogisticRegressionL2,45,2229,253,0.6619785686949867,0.6619785686949867,,0.6361898335582546,0.37574236460351,0.32183301935181086,0.38560926106864274,0.28063241106719367,0.43661971830985913,2.1385622456243585,1.1086350688589697,71,52,2209,,0.32540027556597195,0.5810438810547008
crisis_2020,spx_crisis_2008,h5_d03,LogisticRegressionL2,46,2229,253,0.6619785686949867,0.6619785686949867,,0.6361898335582546,0.37574236460351,0.32183301935181086,0.38560926106864274,0.28063241106719367,0.43661971830985913,2.1385622456243585,1.1086350688589697,71,52,2209,,0.32540027556597195,0.5810438810547008
crisis_2020,spx_crisis_2008,h5_d03,LightGbmTuned,42,2229,253,0.6535112897053195,0.6535112897053195,,0.6092555105713,0.3138512085491959,0.2822612708203932,0.3450556650263486,0.16600790513833993,0.38095238095238093,2.5970794660234464,1.4786170666723495,42,52,2209,50.0,0.29820677372384685,0.5386097559206309
crisis_2020,spx_crisis_2008,h5_d03,LightGbmTuned,43,2229,253,0.6535112897053195,0.6535112897053195,,0.6092555105713,0.3138512085491959,0.2822612708203932,0.3450556650263486,0.16600790513833993,0.38095238095238093,2.5970794660234464,1.4786170666723495,42,52,2209,50.0,0.29820677372384685,0.5386097559206309
crisis_2020,spx_crisis_2008,h5_d03,LightGbmTuned,44,2229,253,0.6535112897053195,0.6535112897053195,,0.6092555105713,0.3138512085491959,0.2822612708203932,0.3450556650263486,0.16600790513833993,0.38095238095238093,2.5970794660234464,1.4786170666723495,42,52,2209,50.0,0.29820677372384685,0.5386097559206309
crisis_2020,spx_crisis_2008,h5_d03,LightGbmTuned,45,2229,253,0.6535112897053195,0.6535112897053195,,0.6092555105713,0.3138512085491959,0.2822612708203932,0.3450556650263486,0.16600790513833993,0.38095238095238093,2.5970794660234464,1.4786170666723495,42,52,2209,50.0,0.29820677372384685,0.5386097559206309
crisis_2020,spx_crisis_2008,h5_d03,LightGbmTuned,46,2229,253,0.6535112897053195,0.6535112897053195,,0.6092555105713,0.3138512085491959,0.2822612708203932,0.3450556650263486,0.16600790513833993,0.38095238095238093,2.5970794660234464,1.4786170666723495,42,52,2209,50.0,0.29820677372384685,0.5386097559206309
crisis_2020,spx_crisis_2008,h10_d05,NaiveBaseRate,42,2229,253,0.5,0.5,0.5,0.5,0.16996047430830039,0.1537381772755492,0.11253562011359425,0.0,,,,0,43,2209,,0.057492077863286556,0.057492077863286556
crisis_2020,spx_crisis_2008,h10_d05,NaiveBaseRate,43,2229,253,0.5,0.5,0.5,0.5,0.16996047430830039,0.1537381772755492,0.11253562011359425,0.0,,,,0,43,2209,,0.057492077863286556,0.057492077863286556
crisis_2020,spx_crisis_2008,h10_d05,NaiveBaseRate,44,2229,253,0.5,0.5,0.5,0.5,0.16996047430830039,0.1537381772755492,0.11253562011359425,0.0,,,,0,43,2209,,0.057492077863286556,0.057492077863286556
crisis_2020,spx_crisis_2008,h10_d05,NaiveBaseRate,45,2229,253,0.5,0.5,0.5,0.5,0.16996047430830039,0.1537381772755492,0.11253562011359425,0.0,,,,0,43,2209,,0.057492077863286556,0.057492077863286556
crisis_2020,spx_crisis_2008,h10_d05,NaiveBaseRate,46,2229,253,0.5,0.5,0.5,0.5,0.16996047430830039,0.1537381772755492,0.11253562011359425,0.0,,,,0,43,2209,,0.057492077863286556,0.057492077863286556
crisis_2020,spx_crisis_2008,h10_d05,VIXPercentileRaw,42,2229,253,0.6,0.6,0.5961538461538461,0.6112040133779264,0.31223878985364395,0.6859058404044132,0.7130353213213533,0.4980237154150198,0.21428571428571427,1.2590112289818816,1.1000118432588628,126,43,2209,,0.345261807756149,0.8564961521050249
crisis_2020,spx_crisis_2008,h10_d05,VIXPercentileRaw,43,2229,253,0.6,0.6,0.5961538461538461,0.6112040133779264,0.31223878985364395,0.6859058404044132,0.7130353213213533,0.4980237154150198,0.21428571428571427,1.2590112289818816,1.1000118432588628,126,43,2209,,0.345261807756149,0.8564961521050249
crisis_2020,spx_crisis_2008,h10_d05,VIXPercentileRaw,44,2229,253,0.6,0.6,0.5961538461538461,0.6112040133779264,0.31223878985364395,0.6859058404044132,0.7130353213213533,0.4980237154150198,0.21428571428571427,1.2590112289818816,1.1000118432588628,126,43,2209,,0.345261807756149,0.8564961521050249
crisis_2020,spx_crisis_2008,h10_d05,VIXPercentileRaw,45,2229,253,0.6,0.6,0.5961538461538461,0.6112040133779264,0.31223878985364395,0.6859058404044132,0.7130353213213533,0.4980237154150198,0.21428571428571427,1.2590112289818816,1.1000118432588628,126,43,2209,,0.345261807756149,0.8564961521050249
crisis_2020,spx_crisis_2008,h10_d05,VIXPercentileRaw,46,2229,253,0.6,0.6,0.5961538461538461,0.6112040133779264,0.31223878985364395,0.6859058404044132,0.7130353213213533,0.4980237154150198,0.21428571428571427,1.2590112289818816,1.1000118432588628,126,43,2209,,0.345261807756149,0.8564961521050249
crisis_2020,spx_crisis_2008,h10_d05,VIXPercentileCalibrated,42,2229,253,0.5523809523809524,0.5523809523809524,0.34615384615384615,0.5572045707915273,0.20062934295736257,0.14293115348477098,0.029906498885680272,0.31620553359683795,0.225,1.5249500249577255,1.3342951742630291,80,43,2209,,0.03768244479805354,0.08695652173913043
crisis_2020,spx_crisis_2008,h10_d05,VIXPercentileCalibrated,43,2229,253,0.5523809523809524,0.5523809523809524,0.34615384615384615,0.5572045707915273,0.20062934295736257,0.14293115348477098,0.029906498885680272,0.31620553359683795,0.225,1.5249500249577255,1.3342951742630291,80,43,2209,,0.03768244479805354,0.08695652173913043
crisis_2020,spx_crisis_2008,h10_d05,VIXPercentileCalibrated,44,2229,253,0.5523809523809524,0.5523809523809524,0.34615384615384615,0.5572045707915273,0.20062934295736257,0.14293115348477098,0.029906498885680272,0.31620553359683795,0.225,1.5249500249577255,1.3342951742630291,80,43,2209,,0.03768244479805354,0.08695652173913043
crisis_2020,spx_crisis_2008,h10_d05,VIXPercentileCalibrated,45,2229,253,0.5523809523809524,0.5523809523809524,0.34615384615384615,0.5572045707915273,0.20062934295736257,0.14293115348477098,0.029906498885680272,0.31620553359683795,0.225,1.5249500249577255,1.3342951742630291,80,43,2209,,0.03768244479805354,0.08695652173913043
crisis_2020,spx_crisis_2008,h10_d05,VIXPercentileCalibrated,46,2229,253,0.5523809523809524,0.5523809523809524,0.34615384615384615,0.5572045707915273,0.20062934295736257,0.14293115348477098,0.029906498885680272,0.31620553359683795,0.225,1.5249500249577255,1.3342951742630291,80,43,2209,,0.03768244479805354,0.08695652173913043
crisis_2020,spx_crisis_2008,h10_d05,HarRvThreshold,42,2229,253,0.5827560613557645,0.5827560613557645,0.6634615384615385,0.5038363171355499,0.33004248952772763,0.18131298687849473,0.14799917564365134,0.30735930735930733,0.29577464788732394,1.7398081057551098,1.3070949816030377,71,43,2209,,0.017425153072059482,0.08035836744005015
crisis_2020,spx_crisis_2008,h10_d05,HarRvThreshold,43,2229,253,0.5827560613557645,0.5827560613557645,0.6634615384615385,0.5038363171355499,0.33004248952772763,0.18131298687849473,0.14799917564365134,0.30735930735930733,0.29577464788732394,1.7398081057551098,1.3070949816030377,71,43,2209,,0.017425153072059482,0.08035836744005015
crisis_2020,spx_crisis_2008,h10_d05,HarRvThreshold,44,2229,253,0.5827560613557645,0.5827560613557645,0.6634615384615385,0.5038363171355499,0.33004248952772763,0.18131298687849473,0.14799917564365134,0.30735930735930733,0.29577464788732394,1.7398081057551098,1.3070949816030377,71,43,2209,,0.017425153072059482,0.08035836744005015
crisis_2020,spx_crisis_2008,h10_d05,HarRvThreshold,45,2229,253,0.5827560613557645,0.5827560613557645,0.6634615384615385,0.5038363171355499,0.33004248952772763,0.18131298687849473,0.14799917564365134,0.30735930735930733,0.29577464788732394,1.7398081057551098,1.3070949816030377,71,43,2209,,0.017425153072059482,0.08035836744005015
crisis_2020,spx_crisis_2008,h10_d05,HarRvThreshold,46,2229,253,0.5827560613557645,0.5827560613557645,0.6634615384615385,0.5038363171355499,0.33004248952772763,0.18131298687849473,0.14799917564365134,0.30735930735930733,0.29577464788732394,1.7398081057551098,1.3070949816030377,71,43,2209,,0.017425153072059482,0.08035836744005015
crisis_2020,spx_crisis_2008,h10_d05,LogisticRegressionL2,42,2229,253,0.6198228128460687,0.6198228128460687,0.6153846153846154,0.6236064659977704,0.36991444150540354,0.36772777092798437,0.4565295683768403,0.30039525691699603,0.27631578947368424,1.8369967525144388,1.3070949816030377,76,43,2209,,0.3611895759060204,0.5878380495223935
crisis_2020,spx_crisis_2008,h10_d05,LogisticRegressionL2,43,2229,253,0.6198228128460687,0.6198228128460687,0.6153846153846154,0.6236064659977704,0.36991444150540354,0.36772777092798437,0.4565295683768403,0.30039525691699603,0.27631578947368424,1.8369967525144388,1.3070949816030377,76,43,2209,,0.3611895759060204,0.5878380495223935
crisis_2020,spx_crisis_2008,h10_d05,LogisticRegressionL2,44,2229,253,0.6198228128460687,0.6198228128460687,0.6153846153846154,0.6236064659977704,0.36991444150540354,0.36772777092798437,0.4565295683768403,0.30039525691699603,0.27631578947368424,1.8369967525144388,1.3070949816030377,76,43,2209,,0.3611895759060204,0.5878380495223935
crisis_2020,spx_crisis_2008,h10_d05,LogisticRegressionL2,45,2229,253,0.6198228128460687,0.6198228128460687,0.6153846153846154,0.6236064659977704,0.36991444150540354,0.36772777092798437,0.4565295683768403,0.30039525691699603,0.27631578947368424,1.8369967525144388,1.3070949816030377,76,43,2209,,0.3611895759060204,0.5878380495223935
crisis_2020,spx_crisis_2008,h10_d05,LogisticRegressionL2,46,2229,253,0.6198228128460687,0.6198228128460687,0.6153846153846154,0.6236064659977704,0.36991444150540354,0.36772777092798437,0.4565295683768403,0.30039525691699603,0.27631578947368424,1.8369967525144388,1.3070949816030377,76,43,2209,,0.3611895759060204,0.5878380495223935
crisis_2020,spx_crisis_2008,h10_d05,LightGbmTuned,42,2229,253,0.4847729789590255,0.4847729789590255,0.17307692307692307,0.4763099219620959,0.18314246771416584,0.2898209523905591,0.3604280504194613,0.23715415019762845,0.016666666666666666,0.3650179259876755,0.561322253134113,60,43,2209,50.0,0.3690428207593961,0.6038407563709841
crisis_2020,spx_crisis_2008,h10_d05,LightGbmTuned,43,2229,253,0.4847729789590255,0.4847729789590255,0.17307692307692307,0.4763099219620959,0.18314246771416584,0.2898209523905591,0.3604280504194613,0.23715415019762845,0.016666666666666666,0.3650179259876755,0.561322253134113,60,43,2209,50.0,0.3690428207593961,0.6038407563709841
crisis_2020,spx_crisis_2008,h10_d05,LightGbmTuned,44,2229,253,0.4847729789590255,0.4847729789590255,0.17307692307692307,0.4763099219620959,0.18314246771416584,0.2898209523905591,0.3604280504194613,0.23715415019762845,0.016666666666666666,0.3650179259876755,0.561322253134113,60,43,2209,50.0,0.3690428207593961,0.6038407563709841
crisis_2020,spx_crisis_2008,h10_d05,LightGbmTuned,45,2229,253,0.4847729789590255,0.4847729789590255,0.17307692307692307,0.4763099219620959,0.18314246771416584,0.2898209523905591,0.3604280504194613,0.23715415019762845,0.016666666666666666,0.3650179259876755,0.561322253134113,60,43,2209,50.0,0.3690428207593961,0.6038407563709841
crisis_2020,spx_crisis_2008,h10_d05,LightGbmTuned,46,2229,253,0.4847729789590255,0.4847729789590255,0.17307692307692307,0.4763099219620959,0.18314246771416584,0.2898209523905591,0.3604280504194613,0.23715415019762845,0.016666666666666666,0.3650179259876755,0.561322253134113,60,43,2209,50.0,0.3690428207593961,0.6038407563709841
crisis_2020,spx_crisis_2008,h20_d07,NaiveBaseRate,42,2229,253,0.5,0.5,0.5,0.5,0.16205533596837945,0.14702439649090968,0.10597637679386171,0.0,,,,0,41,2209,,0.056586690810321395,0.05658669081032141
crisis_2020,spx_crisis_2008,h20_d07,NaiveBaseRate,43,2229,253,0.5,0.5,0.5,0.5,0.16205533596837945,0.14702439649090968,0.10597637679386171,0.0,,,,0,41,2209,,0.056586690810321395,0.05658669081032141
crisis_2020,spx_crisis_2008,h20_d07,NaiveBaseRate,44,2229,253,0.5,0.5,0.5,0.5,0.16205533596837945,0.14702439649090968,0.10597637679386171,0.0,,,,0,41,2209,,0.056586690810321395,0.05658669081032141
crisis_2020,spx_crisis_2008,h20_d07,NaiveBaseRate,45,2229,253,0.5,0.5,0.5,0.5,0.16205533596837945,0.14702439649090968,0.10597637679386171,0.0,,,,0,41,2209,,0.056586690810321395,0.05658669081032141
crisis_2020,spx_crisis_2008,h20_d07,NaiveBaseRate,46,2229,253,0.5,0.5,0.5,0.5,0.16205533596837945,0.14702439649090968,0.10597637679386171,0.0,,,,0,41,2209,,0.056586690810321395,0.05658669081032141
crisis_2020,spx_crisis_2008,h20_d07,VIXPercentileRaw,42,2229,253,0.44351127473538887,0.44351127473538887,0.8842592592592592,0.560966939210807,0.19413999072516847,0.715529716830326,0.7531639172460753,0.4980237154150198,0.12698412698412698,0.9669766080425028,1.166869119445341,126,41,2209,,0.345261807756149,0.8564961521050249
crisis_2020,spx_crisis_2008,h20_d07,VIXPercentileRaw,43,2229,253,0.44351127473538887,0.44351127473538887,0.8842592592592592,0.560966939210807,0.19413999072516847,0.715529716830326,0.7531639172460753,0.4980237154150198,0.12698412698412698,0.9669766080425028,1.166869119445341,126,41,2209,,0.345261807756149,0.8564961521050249
crisis_2020,spx_crisis_2008,h20_d07,VIXPercentileRaw,44,2229,253,0.44351127473538887,0.44351127473538887,0.8842592592592592,0.560966939210807,0.19413999072516847,0.715529716830326,0.7531639172460753,0.4980237154150198,0.12698412698412698,0.9669766080425028,1.166869119445341,126,41,2209,,0.345261807756149,0.8564961521050249
crisis_2020,spx_crisis_2008,h20_d07,VIXPercentileRaw,45,2229,253,0.44351127473538887,0.44351127473538887,0.8842592592592592,0.560966939210807,0.19413999072516847,0.715529716830326,0.7531639172460753,0.4980237154150198,0.12698412698412698,0.9669766080425028,1.166869119445341,126,41,2209,,0.345261807756149,0.8564961521050249
crisis_2020,spx_crisis_2008,h20_d07,VIXPercentileRaw,46,2229,253,0.44351127473538887,0.44351127473538887,0.8842592592592592,0.560966939210807,0.19413999072516847,0.715529716830326,0.7531639172460753,0.4980237154150198,0.12698412698412698,0.9669766080425028,1.166869119445341,126,41,2209,,0.345261807756149,0.8564961521050249
crisis_2020,spx_crisis_2008,h20_d07,VIXPercentileCalibrated,42,2229,253,0.40410722503451457,0.40410722503451457,0.6134259259259259,0.515286171347316,0.14924692174786441,0.1449647566231942,0.084301863260231,0.31620553359683795,0.175,1.0925610927263152,1.1134698465873687,80,41,2209,,0.0412288156237147,0.08695652173913043
crisis_2020,spx_crisis_2008,h20_d07,VIXPercentileCalibrated,43,2229,253,0.40410722503451457,0.40410722503451457,0.6134259259259259,0.515286171347316,0.14924692174786441,0.1449647566231942,0.084301863260231,0.31620553359683795,0.175,1.0925610927263152,1.1134698465873687,80,41,2209,,0.0412288156237147,0.08695652173913043
crisis_2020,spx_crisis_2008,h20_d07,VIXPercentileCalibrated,44,2229,253,0.40410722503451457,0.40410722503451457,0.6134259259259259,0.515286171347316,0.14924692174786441,0.1449647566231942,0.084301863260231,0.31620553359683795,0.175,1.0925610927263152,1.1134698465873687,80,41,2209,,0.0412288156237147,0.08695652173913043
crisis_2020,spx_crisis_2008,h20_d07,VIXPercentileCalibrated,45,2229,253,0.40410722503451457,0.40410722503451457,0.6134259259259259,0.515286171347316,0.14924692174786441,0.1449647566231942,0.084301863260231,0.31620553359683795,0.175,1.0925610927263152,1.1134698465873687,80,41,2209,,0.0412288156237147,0.08695652173913043
crisis_2020,spx_crisis_2008,h20_d07,VIXPercentileCalibrated,46,2229,253,0.40410722503451457,0.40410722503451457,0.6134259259259259,0.515286171347316,0.14924692174786441,0.1449647566231942,0.084301863260231,0.31620553359683795,0.175,1.0925610927263152,1.1134698465873687,80,41,2209,,0.0412288156237147,0.08695652173913043
crisis_2020,spx_crisis_2008,h20_d07,HarRvThreshold,42,2229,253,0.5242407355809418,0.5242407355809418,0.10344827586206896,0.3487694300518135,0.2299285571384486,0.19218314678639548,0.17397320161767732,0.30735930735930733,0.23943661971830985,1.429324025221415,1.1344366767771723,71,37,2209,,0.017425153072059482,0.08035836744005015
crisis_2020,spx_crisis_2008,h20_d07,HarRvThreshold,43,2229,253,0.5242407355809418,0.5242407355809418,0.10344827586206896,0.3487694300518135,0.2299285571384486,0.19218314678639548,0.17397320161767732,0.30735930735930733,0.23943661971830985,1.429324025221415,1.1344366767771723,71,37,2209,,0.017425153072059482,0.08035836744005015
crisis_2020,spx_crisis_2008,h20_d07,HarRvThreshold,44,2229,253,0.5242407355809418,0.5242407355809418,0.10344827586206896,0.3487694300518135,0.2299285571384486,0.19218314678639548,0.17397320161767732,0.30735930735930733,0.23943661971830985,1.429324025221415,1.1344366767771723,71,37,2209,,0.017425153072059482,0.08035836744005015
crisis_2020,spx_crisis_2008,h20_d07,HarRvThreshold,45,2229,253,0.5242407355809418,0.5242407355809418,0.10344827586206896,0.3487694300518135,0.2299285571384486,0.19218314678639548,0.17397320161767732,0.30735930735930733,0.23943661971830985,1.429324025221415,1.1344366767771723,71,37,2209,,0.017425153072059482,0.08035836744005015
crisis_2020,spx_crisis_2008,h20_d07,HarRvThreshold,46,2229,253,0.5242407355809418,0.5242407355809418,0.10344827586206896,0.3487694300518135,0.2299285571384486,0.19218314678639548,0.17397320161767732,0.30735930735930733,0.23943661971830985,1.429324025221415,1.1344366767771723,71,37,2209,,0.017425153072059482,0.08035836744005015
crisis_2020,spx_crisis_2008,h20_d07,LogisticRegressionL2,42,2229,253,0.5548780487804877,0.5548780487804877,0.8564814814814815,0.623178101670814,0.22468290902558416,0.4168715124490863,0.507868952259013,0.36363636363636365,0.18478260869565216,1.2904958397831887,1.1962162275581858,92,41,2209,,0.383800903030035,0.5439278480371722
crisis_2020,spx_crisis_2008,h20_d07,LogisticRegressionL2,43,2229,253,0.5548780487804877,0.5548780487804877,0.8564814814814815,0.623178101670814,0.22468290902558416,0.4168715124490863,0.507868952259013,0.36363636363636365,0.18478260869565216,1.2904958397831887,1.1962162275581858,92,41,2209,,0.383800903030035,0.5439278480371722
crisis_2020,spx_crisis_2008,h20_d07,LogisticRegressionL2,44,2229,253,0.5548780487804877,0.5548780487804877,0.8564814814814815,0.623178101670814,0.22468290902558416,0.4168715124490863,0.507868952259013,0.36363636363636365,0.18478260869565216,1.2904958397831887,1.1962162275581858,92,41,2209,,0.383800903030035,0.5439278480371722
crisis_2020,spx_crisis_2008,h20_d07,LogisticRegressionL2,45,2229,253,0.5548780487804877,0.5548780487804877,0.8564814814814815,0.623178101670814,0.22468290902558416,0.4168715124490863,0.507868952259013,0.36363636363636365,0.18478260869565216,1.2904958397831887,1.1962162275581858,92,41,2209,,0.383800903030035,0.5439278480371722
crisis_2020,spx_crisis_2008,h20_d07,LogisticRegressionL2,46,2229,253,0.5548780487804877,0.5548780487804877,0.8564814814814815,0.623178101670814,0.22468290902558416,0.4168715124490863,0.507868952259013,0.36363636363636365,0.18478260869565216,1.2904958397831887,1.1962162275581858,92,41,2209,,0.383800903030035,0.5439278480371722
crisis_2020,spx_crisis_2008,h20_d07,LightGbmTuned,42,2229,253,0.286930510814542,0.286930510814542,0.662037037037037,0.2986135798080341,0.12762908636009024,0.3125350812655521,0.3756899277632758,0.2450592885375494,0.016129032258064516,0.5912575078305284,0.38729620550831767,62,41,2209,50.0,0.35333755330834477,0.5358948476283811
crisis_2020,spx_crisis_2008,h20_d07,LightGbmTuned,43,2229,253,0.286930510814542,0.286930510814542,0.662037037037037,0.2986135798080341,0.12762908636009024,0.3125350812655521,0.3756899277632758,0.2450592885375494,0.016129032258064516,0.5912575078305284,0.38729620550831767,62,41,2209,50.0,0.35333755330834477,0.5358948476283811
crisis_2020,spx_crisis_2008,h20_d07,LightGbmTuned,44,2229,253,0.286930510814542,0.286930510814542,0.662037037037037,0.2986135798080341,0.12762908636009024,0.3125350812655521,0.3756899277632758,0.2450592885375494,0.016129032258064516,0.5912575078305284,0.38729620550831767,62,41,2209,50.0,0.35333755330834477,0.5358948476283811
crisis_2020,spx_crisis_2008,h20_d07,LightGbmTuned,45,2229,253,0.286930510814542,0.286930510814542,0.662037037037037,0.2986135798080341,0.12762908636009024,0.3125350812655521,0.3756899277632758,0.2450592885375494,0.016129032258064516,0.5912575078305284,0.38729620550831767,62,41,2209,50.0,0.35333755330834477,0.5358948476283811
crisis_2020,spx_crisis_2008,h20_d07,LightGbmTuned,46,2229,253,0.286930510814542,0.286930510814542,0.662037037037037,0.2986135798080341,0.12762908636009024,0.3125350812655521,0.3756899277632758,0.2450592885375494,0.016129032258064516,0.5912575078305284,0.38729620550831767,62,41,2209,50.0,0.35333755330834477,0.5358948476283811
crisis_2020,spx_no_vvix,h5_d03,LogisticRegressionL2,42,2229,253,0.419345579793341,0.419345579793341,,0.39822312190733244,0.19559480487204373,0.26388159196681854,0.2480565327884381,0.07114624505928854,0.2222222222222222,0.5282054170969637,0.9355225059176682,18,52,1978,,0.24732545473427814,0.842967683833421
crisis_2020,spx_no_vvix,h5_d03,LogisticRegressionL2,43,2229,253,0.419345579793341,0.419345579793341,,0.39822312190733244,0.19559480487204373,0.26388159196681854,0.2480565327884381,0.07114624505928854,0.2222222222222222,0.5282054170969637,0.9355225059176682,18,52,1978,,0.24732545473427814,0.842967683833421
crisis_2020,spx_no_vvix,h5_d03,LogisticRegressionL2,44,2229,253,0.419345579793341,0.419345579793341,,0.39822312190733244,0.19559480487204373,0.26388159196681854,0.2480565327884381,0.07114624505928854,0.2222222222222222,0.5282054170969637,0.9355225059176682,18,52,1978,,0.24732545473427814,0.842967683833421
crisis_2020,spx_no_vvix,h5_d03,LogisticRegressionL2,45,2229,253,0.419345579793341,0.419345579793341,,0.39822312190733244,0.19559480487204373,0.26388159196681854,0.2480565327884381,0.07114624505928854,0.2222222222222222,0.5282054170969637,0.9355225059176682,18,52,1978,,0.24732545473427814,0.842967683833421
crisis_2020,spx_no_vvix,h5_d03,LogisticRegressionL2,46,2229,253,0.419345579793341,0.419345579793341,,0.39822312190733244,0.19559480487204373,0.26388159196681854,0.2480565327884381,0.07114624505928854,0.2222222222222222,0.5282054170969637,0.9355225059176682,18,52,1978,,0.24732545473427814,0.842967683833421
crisis_2020,spx_no_vvix,h5_d03,LightGbmTuned,42,2229,253,0.6847971680061233,0.6847971680061233,,0.6623369320737742,0.3968296731989885,0.249409161901718,0.30472194771188343,0.10276679841897234,0.4230769230769231,2.7027798440130124,1.4798555569968137,26,52,1978,50.0,0.289472368864936,0.6278975487766416
crisis_2020,spx_no_vvix,h5_d03,LightGbmTuned,43,2229,253,0.6847971680061233,0.6847971680061233,,0.6623369320737742,0.3968296731989885,0.249409161901718,0.30472194771188343,0.10276679841897234,0.4230769230769231,2.7027798440130124,1.4798555569968137,26,52,1978,50.0,0.289472368864936,0.6278975487766416
crisis_2020,spx_no_vvix,h5_d03,LightGbmTuned,44,2229,253,0.6847971680061233,0.6847971680061233,,0.6623369320737742,0.3968296731989885,0.249409161901718,0.30472194771188343,0.10276679841897234,0.4230769230769231,2.7027798440130124,1.4798555569968137,26,52,1978,50.0,0.289472368864936,0.6278975487766416
crisis_2020,spx_no_vvix,h5_d03,LightGbmTuned,45,2229,253,0.6847971680061233,0.6847971680061233,,0.6623369320737742,0.3968296731989885,0.249409161901718,0.30472194771188343,0.10276679841897234,0.4230769230769231,2.7027798440130124,1.4798555569968137,26,52,1978,50.0,0.289472368864936,0.6278975487766416
crisis_2020,spx_no_vvix,h5_d03,LightGbmTuned,46,2229,253,0.6847971680061233,0.6847971680061233,,0.6623369320737742,0.3968296731989885,0.249409161901718,0.30472194771188343,0.10276679841897234,0.4230769230769231,2.7027798440130124,1.4798555569968137,26,52,1978,50.0,0.289472368864936,0.6278975487766416
crisis_2020,spx_no_vvix,h10_d05,LogisticRegressionL2,42,2229,253,0.486046511627907,0.486046511627907,0.40384615384615385,0.4955406911928651,0.21084474603807213,0.34166575570884944,0.36461775030874755,0.22134387351778656,0.19642857142857142,1.2800970277439194,1.158346338152699,56,43,1978,,0.19165649724810446,0.7282879643200987
crisis_2020,spx_no_vvix,h10_d05,LogisticRegressionL2,43,2229,253,0.486046511627907,0.486046511627907,0.40384615384615385,0.4955406911928651,0.21084474603807213,0.34166575570884944,0.36461775030874755,0.22134387351778656,0.19642857142857142,1.2800970277439194,1.158346338152699,56,43,1978,,0.19165649724810446,0.7282879643200987
crisis_2020,spx_no_vvix,h10_d05,LogisticRegressionL2,44,2229,253,0.486046511627907,0.486046511627907,0.40384615384615385,0.4955406911928651,0.21084474603807213,0.34166575570884944,0.36461775030874755,0.22134387351778656,0.19642857142857142,1.2800970277439194,1.158346338152699,56,43,1978,,0.19165649724810446,0.7282879643200987
crisis_2020,spx_no_vvix,h10_d05,LogisticRegressionL2,45,2229,253,0.486046511627907,0.486046511627907,0.40384615384615385,0.4955406911928651,0.21084474603807213,0.34166575570884944,0.36461775030874755,0.22134387351778656,0.19642857142857142,1.2800970277439194,1.158346338152699,56,43,1978,,0.19165649724810446,0.7282879643200987
crisis_2020,spx_no_vvix,h10_d05,LogisticRegressionL2,46,2229,253,0.486046511627907,0.486046511627907,0.40384615384615385,0.4955406911928651,0.21084474603807213,0.34166575570884944,0.36461775030874755,0.22134387351778656,0.19642857142857142,1.2800970277439194,1.158346338152699,56,43,1978,,0.19165649724810446,0.7282879643200987
crisis_2020,spx_no_vvix,h10_d05,LightGbmTuned,42,2229,253,0.5684939091915836,0.5684939091915836,0.40384615384615385,0.5727424749163881,0.21575760152178858,0.2304110992872656,0.2588946229155247,0.1541501976284585,0.10256410256410256,0.5844416316696214,0.5333014672650263,39,43,1978,50.0,0.29356023722670005,0.6229445692843631
crisis_2020,spx_no_vvix,h10_d05,LightGbmTuned,43,2229,253,0.5684939091915836,0.5684939091915836,0.40384615384615385,0.5727424749163881,0.21575760152178858,0.2304110992872656,0.2588946229155247,0.1541501976284585,0.10256410256410256,0.5844416316696214,0.5333014672650263,39,43,1978,50.0,0.29356023722670005,0.6229445692843631
crisis_2020,spx_no_vvix,h10_d05,LightGbmTuned,44,2229,253,0.5684939091915836,0.5684939091915836,0.40384615384615385,0.5727424749163881,0.21575760152178858,0.2304110992872656,0.2588946229155247,0.1541501976284585,0.10256410256410256,0.5844416316696214,0.5333014672650263,39,43,1978,50.0,0.29356023722670005,0.6229445692843631
crisis_2020,spx_no_vvix,h10_d05,LightGbmTuned,45,2229,253,0.5684939091915836,0.5684939091915836,0.40384615384615385,0.5727424749163881,0.21575760152178858,0.2304110992872656,0.2588946229155247,0.1541501976284585,0.10256410256410256,0.5844416316696214,0.5333014672650263,39,43,1978,50.0,0.29356023722670005,0.6229445692843631
crisis_2020,spx_no_vvix,h10_d05,LightGbmTuned,46,2229,253,0.5684939091915836,0.5684939091915836,0.40384615384615385,0.5727424749163881,0.21575760152178858,0.2304110992872656,0.2588946229155247,0.1541501976284585,0.10256410256410256,0.5844416316696214,0.5333014672650263,39,43,1978,50.0,0.29356023722670005,0.6229445692843631
crisis_2020,spx_no_vvix,h20_d07,LogisticRegressionL2,42,2229,253,0.38011965025310634,0.38011965025310634,0.8425925925925926,0.3119445431923214,0.1259401585774796,0.42974056687449447,0.44824532986979515,0.31620553359683795,0.075,0.6979623941306453,0.7503230134745602,80,41,1978,,0.1358192832510212,0.43120596983786985
crisis_2020,spx_no_vvix,h20_d07,LogisticRegressionL2,43,2229,253,0.38011965025310634,0.38011965025310634,0.8425925925925926,0.3119445431923214,0.1259401585774796,0.42974056687449447,0.44824532986979515,0.31620553359683795,0.075,0.6979623941306453,0.7503230134745602,80,41,1978,,0.1358192832510212,0.43120596983786985
crisis_2020,spx_no_vvix,h20_d07,LogisticRegressionL2,44,2229,253,0.38011965025310634,0.38011965025310634,0.8425925925925926,0.3119445431923214,0.1259401585774796,0.42974056687449447,0.44824532986979515,0.31620553359683795,0.075,0.6979623941306453,0.7503230134745602,80,41,1978,,0.1358192832510212,0.43120596983786985
crisis_2020,spx_no_vvix,h20_d07,LogisticRegressionL2,45,2229,253,0.38011965025310634,0.38011965025310634,0.8425925925925926,0.3119445431923214,0.1259401585774796,0.42974056687449447,0.44824532986979515,0.31620553359683795,0.075,0.6979623941306453,0.7503230134745602,80,41,1978,,0.1358192832510212,0.43120596983786985
crisis_2020,spx_no_vvix,h20_d07,LogisticRegressionL2,46,2229,253,0.38011965025310634,0.38011965025310634,0.8425925925925926,0.3119445431923214,0.1259401585774796,0.42974056687449447,0.44824532986979515,0.31620553359683795,0.075,0.6979623941306453,0.7503230134745602,80,41,1978,,0.1358192832510212,0.43120596983786985
crisis_2020,spx_no_vvix,h20_d07,LightGbmTuned,42,2229,253,0.4617464335020709,0.4617464335020709,0.6967592592592593,0.45227515108425165,0.17119761084437682,0.23556076720106017,0.27647611959798074,0.17786561264822134,0.044444444444444446,0.5069009510085428,0.5173523920375881,45,41,1978,50.0,0.3374715279080835,0.5944948772178157
crisis_2020,spx_no_vvix,h20_d07,LightGbmTuned,43,2229,253,0.4617464335020709,0.4617464335020709,0.6967592592592593,0.45227515108425165,0.17119761084437682,0.23556076720106017,0.27647611959798074,0.17786561264822134,0.044444444444444446,0.5069009510085428,0.5173523920375881,45,41,1978,50.0,0.3374715279080835,0.5944948772178157
crisis_2020,spx_no_vvix,h20_d07,LightGbmTuned,44,2229,253,0.4617464335020709,0.4617464335020709,0.6967592592592593,0.45227515108425165,0.17119761084437682,0.23556076720106017,0.27647611959798074,0.17786561264822134,0.044444444444444446,0.5069009510085428,0.5173523920375881,45,41,1978,50.0,0.3374715279080835,0.5944948772178157
crisis_2020,spx_no_vvix,h20_d07,LightGbmTuned,45,2229,253,0.4617464335020709,0.4617464335020709,0.6967592592592593,0.45227515108425165,0.17119761084437682,0.23556076720106017,0.27647611959798074,0.17786561264822134,0.044444444444444446,0.5069009510085428,0.5173523920375881,45,41,1978,50.0,0.3374715279080835,0.5944948772178157
crisis_2020,spx_no_vvix,h20_d07,LightGbmTuned,46,2229,253,0.4617464335020709,0.4617464335020709,0.6967592592592593,0.45227515108425165,0.17119761084437682,0.23556076720106017,0.27647611959798074,0.17786561264822134,0.044444444444444446,0.5069009510085428,0.5173523920375881,45,41,1978,50.0,0.3374715279080835,0.5944948772178157
