ablation,model,metric,delta_mean,delta_ci_low,delta_ci_high,wilcoxon_pvalue,n_folds_paired,effect_size_category,interpretation
no_validators,HarRvThreshold,auc,-0.0007824181022371,-0.001125687758431,-0.0004653506812093,1.8889663264052257e-05,50,negligible,expected_effect
no_validators,LightGbmTuned,auc,0.0134071934407901,-0.0169487831427088,0.0417727836192381,0.0511880917432224,45,medium,expected_effect
no_validators,LogisticRegressionL2,auc,0.0350848441099386,0.0139921713579768,0.057211905711985,0.0051470763930641,45,medium,paper_relevant_finding
no_validators,NaiveBaseRate,auc,0.0,0.0,0.0,1.0,60,negligible,no_effect_by_construction
no_validators,VIXPercentileCalibrated,auc,-0.0002866972477064,-0.0005733944954128,-5.733944954127989e-05,0.1906835034469295,60,negligible,expected_effect
no_validators,VIXPercentileRaw,auc,2.0816681711721685e-17,1.2490009027033013e-17,3.0068540250264654e-17,6.55566199986336e-05,60,negligible,no_effect_by_construction
no_validators,HarRvThreshold,pr_auc,-0.0001176117858985,-0.0001568488576704,-8.029555558033714e-05,9.421066717523294e-05,50,negligible,expected_effect
no_validators,LightGbmTuned,pr_auc,0.040922334873546,0.0235298099383176,0.0586242539338753,0.0001361714213404,45,medium,expected_effect
no_validators,LogisticRegressionL2,pr_auc,0.012964735109406,-0.0149760679667614,0.0424506866018549,0.1661407682706605,45,medium,expected_effect
no_validators,NaiveBaseRate,pr_auc,3.353798720221827e-17,2.463307335887066e-17,4.278984574076125e-17,2.1892079240620602e-07,60,negligible,no_effect_by_construction
no_validators,VIXPercentileCalibrated,pr_auc,-2.8452606660421546e-05,-0.0001158857932452,5.329005859231832e-05,0.0030106546241967,60,negligible,expected_effect
no_validators,VIXPercentileRaw,pr_auc,4.510281037539698e-17,3.874215763014869e-17,5.088522196198634e-17,2.456895084695567e-10,60,negligible,no_effect_by_construction
no_validators,HarRvThreshold,brier,3.3345957980964275e-06,6.90516329392108e-07,6.443854091956345e-06,0.3140437401789995,110,negligible,expected_effect
no_validators,LightGbmTuned,brier,0.0037008619622334,-0.0004621412544151,0.0078002737841066,0.02356489869159,90,small,expected_effect
no_validators,LogisticRegressionL2,brier,0.0039632481766784,-0.0054452332162648,0.0131345587786476,0.168013273964406,90,small,expected_effect
no_validators,NaiveBaseRate,brier,1.9087509348927875e-05,-1.611911458222243e-05,5.520581918638551e-05,0.7826014833173217,110,negligible,expected_effect
no_validators,VIXPercentileCalibrated,brier,6.378301141642692e-06,-3.0042164921634026e-05,4.485507633158967e-05,0.3993926003020269,110,negligible,expected_effect
no_validators,VIXPercentileRaw,brier,-0.000323731391064,-0.0006571266595203,8.048209648682837e-06,0.1631463238084083,110,negligible,expected_effect
no_validators,HarRvThreshold,drawdown_lift,-0.0132668341487106,-0.0238803014676791,-0.0026533668297421,0.0573168813783445,55,medium,expected_effect
no_validators,LightGbmTuned,drawdown_lift,0.1492925052174217,0.0037608549824542,0.289327545159989,0.0400032522503474,55,large,expected_effect
no_validators,LogisticRegressionL2,drawdown_lift,-0.0510738449201298,-0.2751853800079206,0.1704981515381437,0.6827471937618234,70,large,expected_effect
no_validators,NaiveBaseRate,drawdown_lift,,,,1.0,0,negligible,no_effect_by_construction
no_validators,VIXPercentileCalibrated,drawdown_lift,-5.551115123125783e-18,-2.886579864025407e-17,1.5543122344752193e-17,0.7737449764627036,25,negligible,no_effect_by_construction
no_validators,VIXPercentileRaw,drawdown_lift,-0.0433799470091974,-0.0694079152147159,-0.0216059823898853,0.0601382103181507,50,medium,expected_effect
no_validators,HarRvThreshold,alarm_rate,0.0004413062665489,8.826125330980526e-05,0.0008826125330979,2.8166521102211588e-08,110,negligible,expected_effect
no_validators,LightGbmTuned,alarm_rate,0.0117876934874153,0.0055070202739036,0.0186169008782968,0.0011765925809314,90,medium,expected_effect
no_validators,LogisticRegressionL2,alarm_rate,0.032424869726961,0.0049922287240287,0.0657019988068764,0.6156500249624022,90,medium,expected_effect
no_validators,NaiveBaseRate,alarm_rate,0.0,0.0,0.0,1.0,110,negligible,no_effect_by_construction
no_validators,VIXPercentileCalibrated,alarm_rate,6.2292343000985344e-18,2.4916937200394137e-18,1.0566042990040552e-17,0.003991514414328,110,negligible,no_effect_by_construction
no_validators,VIXPercentileRaw,alarm_rate,0.0007158196134574,0.0003579098067287,0.0011453113815318,1.1216142290978691e-05,110,negligible,expected_effect
no_validators,HarRvThreshold,calm_period_alarm_rate,6.0715321659188256e-18,2.8333816774287853e-18,9.71445146547012e-18,0.003991514414328,60,negligible,no_effect_by_construction
no_validators,LightGbmTuned,calm_period_alarm_rate,-6.327524471626359e-05,-0.0041188711805289,0.0041686903249997,0.6362016465383997,45,negligible,expected_effect
no_validators,LogisticRegressionL2,calm_period_alarm_rate,-0.0113724592669643,-0.0212567330024607,-0.0023760297346344,0.6223434278400783,45,medium,expected_effect
no_validators,NaiveBaseRate,calm_period_alarm_rate,0.0,0.0,0.0,1.0,50,negligible,no_effect_by_construction
no_validators,VIXPercentileCalibrated,calm_period_alarm_rate,0.0,0.0,0.0,1.0,50,negligible,no_effect_by_construction
no_validators,VIXPercentileRaw,calm_period_alarm_rate,0.0,0.0,0.0,1.0,50,negligible,no_effect_by_construction
global_scaler,HarRvThreshold,auc,2.220446049250313e-17,1.4432899320127036e-17,2.997602166487923e-17,7.74421643104407e-06,50,negligible,no_effect_by_construction
global_scaler,LightGbmTuned,auc,1.2335811384723961e-17,6.167905692361981e-18,1.973729821555834e-17,0.0015654022580025,45,negligible,no_effect_by_construction
global_scaler,LogisticRegressionL2,auc,-0.0030801413753472,-0.0052590719331014,-0.0012339727728833,0.0023872390766905,45,small,paper_relevant_finding
global_scaler,NaiveBaseRate,auc,0.0,0.0,0.0,1.0,60,negligible,no_effect_by_construction
global_scaler,VIXPercentileCalibrated,auc,9.251858538542969e-18,4.625929269271485e-18,1.4802973661668754e-17,0.0015654022580025,60,negligible,no_effect_by_construction
global_scaler,VIXPercentileRaw,auc,1.61907524424502e-17,1.0177044392397269e-17,2.220446049250313e-17,3.5592816489558494e-05,60,negligible,no_effect_by_construction
global_scaler,HarRvThreshold,pr_auc,3.50414142147315e-17,2.518818487118324e-17,4.517219931443606e-17,1.607505526400268e-06,50,negligible,no_effect_by_construction
global_scaler,LightGbmTuned,pr_auc,4.009138700035288e-17,3.4231876592608995e-17,4.5642502123478656e-17,1.3134126865324568e-08,45,negligible,no_effect_by_construction
global_scaler,LogisticRegressionL2,pr_auc,-0.0049287965585218,-0.0078073143767369,-0.0024486394545237,0.0583072560397615,45,small,expected_effect
global_scaler,NaiveBaseRate,pr_auc,3.353798720221827e-17,2.463307335887066e-17,4.278984574076125e-17,2.1892079240620602e-07,60,negligible,no_effect_by_construction
global_scaler,VIXPercentileCalibrated,pr_auc,3.23815048849004e-17,2.4980018054066026e-17,4.001428817919835e-17,2.9474690399457983e-08,60,negligible,no_effect_by_construction
global_scaler,VIXPercentileRaw,pr_auc,4.510281037539698e-17,3.874215763014869e-17,5.088522196198634e-17,2.456895084695567e-10,60,negligible,no_effect_by_construction
global_scaler,HarRvThreshold,brier,2.3164349029529786e-17,1.8917547600622917e-17,2.7503914426700145e-17,1.2185394354162648e-14,110,negligible,no_effect_by_construction
global_scaler,LightGbmTuned,brier,3.7296554733501346e-17,3.135994550460295e-17,4.333001935647513e-17,2.4989895140635484e-13,90,negligible,no_effect_by_construction
global_scaler,LogisticRegressionL2,brier,0.0042806483747165,0.0011805895824501,0.0079778703436625,0.8800204239247106,90,small,expected_effect
global_scaler,NaiveBaseRate,brier,4.746834238809263e-17,4.135728612479501e-17,5.350054758430039e-17,2.4080052565110808e-17,110,negligible,no_effect_by_construction
global_scaler,VIXPercentileCalibrated,brier,4.921045815160911e-17,4.3520774598552135e-17,5.499574862351253e-17,3.574668494589445e-18,110,negligible,no_effect_by_construction
global_scaler,VIXPercentileRaw,brier,1.892425610156517e-17,1.3972409088322286e-17,2.4128426529495588e-17,3.442281637229628e-09,110,negligible,no_effect_by_construction
global_scaler,HarRvThreshold,drawdown_lift,-1.0092936587501425e-17,-3.027880976250427e-17,7.065055611250995e-18,0.7678373118109704,55,negligible,no_effect_by_construction
global_scaler,LightGbmTuned,drawdown_lift,-7.401486830834377e-17,-1.1842378929335003e-16,-3.7007434154171876e-17,0.0015654022580025,60,negligible,no_effect_by_construction
global_scaler,LogisticRegressionL2,drawdown_lift,-0.0033701464589688,-0.0549076661163195,0.0448102010533341,0.380753046608233,70,small,expected_effect
global_scaler,NaiveBaseRate,drawdown_lift,,,,1.0,0,negligible,no_effect_by_construction
global_scaler,VIXPercentileCalibrated,drawdown_lift,-5.551115123125783e-18,-2.886579864025407e-17,1.5543122344752193e-17,0.7737449764627036,25,negligible,no_effect_by_construction
global_scaler,VIXPercentileRaw,drawdown_lift,1.3877787807814457e-17,7.771561172376098e-18,2.0539125955565402e-17,0.0003964142260765,50,negligible,no_effect_by_construction
global_scaler,HarRvThreshold,alarm_rate,7.885106708985487e-18,5.519574696289841e-18,1.0408340855860844e-17,1.831207905674445e-07,110,negligible,no_effect_by_construction
global_scaler,LightGbmTuned,alarm_rate,2.168404344971009e-17,1.5651060694368526e-17,2.808324560553565e-17,1.2635706855775344e-07,90,negligible,no_effect_by_construction
global_scaler,LogisticRegressionL2,alarm_rate,-0.0033491131019705,-0.0081328026061464,0.0009068691711647,0.3709885143716406,90,small,expected_effect
global_scaler,NaiveBaseRate,alarm_rate,0.0,0.0,0.0,1.0,110,negligible,no_effect_by_construction
global_scaler,VIXPercentileCalibrated,alarm_rate,6.2292343000985344e-18,2.4916937200394137e-18,1.0566042990040552e-17,0.003991514414328,110,negligible,no_effect_by_construction
global_scaler,VIXPercentileRaw,alarm_rate,1.8214596497756478e-17,1.2064213264747794e-17,2.472769463937849e-17,9.981221125389758e-06,110,negligible,no_effect_by_construction
global_scaler,HarRvThreshold,calm_period_alarm_rate,6.0715321659188256e-18,2.8333816774287853e-18,9.71445146547012e-18,0.003991514414328,60,negligible,no_effect_by_construction
global_scaler,LightGbmTuned,calm_period_alarm_rate,1.1757570226065027e-17,5.51256571254852e-18,1.888921118285857e-17,0.003991514414328,45,negligible,no_effect_by_construction
global_scaler,LogisticRegressionL2,calm_period_alarm_rate,0.000952949877681,-0.004042214257268,0.0061387039881663,0.2501771730662782,45,negligible,expected_effect
global_scaler,NaiveBaseRate,calm_period_alarm_rate,0.0,0.0,0.0,1.0,50,negligible,no_effect_by_construction
global_scaler,VIXPercentileCalibrated,calm_period_alarm_rate,0.0,0.0,0.0,1.0,50,negligible,no_effect_by_construction
global_scaler,VIXPercentileRaw,calm_period_alarm_rate,0.0,0.0,0.0,1.0,50,negligible,no_effect_by_construction
test_threshold,HarRvThreshold,auc,2.220446049250313e-17,1.4432899320127036e-17,2.997602166487923e-17,7.74421643104407e-06,50,negligible,no_effect_by_construction
test_threshold,LightGbmTuned,auc,1.2335811384723961e-17,6.167905692361981e-18,1.973729821555834e-17,0.0015654022580025,45,negligible,no_effect_by_construction
test_threshold,LogisticRegressionL2,auc,1.2335811384723961e-17,6.167905692361981e-18,1.973729821555834e-17,0.0015654022580025,45,negligible,no_effect_by_construction
test_threshold,NaiveBaseRate,auc,0.0,0.0,0.0,1.0,60,negligible,no_effect_by_construction
test_threshold,VIXPercentileCalibrated,auc,9.251858538542969e-18,4.625929269271485e-18,1.4802973661668754e-17,0.0015654022580025,60,negligible,no_effect_by_construction
test_threshold,VIXPercentileRaw,auc,1.61907524424502e-17,1.0177044392397269e-17,2.220446049250313e-17,3.5592816489558494e-05,60,negligible,no_effect_by_construction
test_threshold,HarRvThreshold,pr_auc,3.50414142147315e-17,2.518818487118324e-17,4.517219931443606e-17,1.607505526400268e-06,50,negligible,no_effect_by_construction
test_threshold,LightGbmTuned,pr_auc,4.009138700035288e-17,3.4231876592608995e-17,4.5642502123478656e-17,1.3134126865324568e-08,45,negligible,no_effect_by_construction
test_threshold,LogisticRegressionL2,pr_auc,5.1656210173531584e-17,4.332953748884292e-17,5.998288285822026e-17,2.034876435461467e-08,45,negligible,no_effect_by_construction
test_threshold,NaiveBaseRate,pr_auc,3.353798720221827e-17,2.463307335887066e-17,4.278984574076125e-17,2.1892079240620602e-07,60,negligible,no_effect_by_construction
test_threshold,VIXPercentileCalibrated,pr_auc,3.23815048849004e-17,2.4980018054066026e-17,4.001428817919835e-17,2.9474690399457983e-08,60,negligible,no_effect_by_construction
test_threshold,VIXPercentileRaw,pr_auc,4.510281037539698e-17,3.874215763014869e-17,5.088522196198634e-17,2.456895084695567e-10,60,negligible,no_effect_by_construction
test_threshold,HarRvThreshold,brier,2.3164349029529786e-17,1.8917547600622917e-17,2.7503914426700145e-17,1.2185394354162648e-14,110,negligible,no_effect_by_construction
test_threshold,LightGbmTuned,brier,3.7296554733501346e-17,3.135994550460295e-17,4.333001935647513e-17,2.4989895140635484e-13,90,negligible,no_effect_by_construction
test_threshold,LogisticRegressionL2,brier,3.450172246664983e-17,2.8796409701215e-17,4.01684858215074e-17,7.71775905546604e-12,90,negligible,no_effect_by_construction
test_threshold,NaiveBaseRate,brier,4.746834238809263e-17,4.135728612479501e-17,5.350054758430039e-17,2.4080052565110808e-17,110,negligible,no_effect_by_construction
test_threshold,VIXPercentileCalibrated,brier,4.921045815160911e-17,4.3520774598552135e-17,5.499574862351253e-17,3.574668494589445e-18,110,negligible,no_effect_by_construction
test_threshold,VIXPercentileRaw,brier,1.892425610156517e-17,1.3972409088322286e-17,2.4128426529495588e-17,3.442281637229628e-09,110,negligible,no_effect_by_construction
test_threshold,HarRvThreshold,drawdown_lift,0.1954262864784457,0.0649604420996066,0.3316309654081075,0.0279004373129588,50,large,paper_relevant_finding
test_threshold,LightGbmTuned,drawdown_lift,-0.1542687995599362,-0.2772594844164371,-0.0334626930760344,0.0073203018805488,60,large,paper_relevant_finding
test_threshold,LogisticRegressionL2,drawdown_lift,0.0160018659596348,-0.1425233938148143,0.1683814578683668,0.2201416063105749,70,medium,expected_effect
test_threshold,NaiveBaseRate,drawdown_lift,,,,1.0,0,negligible,no_effect_by_construction
test_threshold,VIXPercentileCalibrated,drawdown_lift,0.0836209348209146,0.0023019585986238,0.1713800740101933,0.2501771730662782,20,large,expected_effect
test_threshold,VIXPercentileRaw,drawdown_lift,-0.065200294915155,-0.1071400367810487,-0.0249939818601002,0.0019542464542408,45,large,expected_effect
test_threshold,HarRvThreshold,alarm_rate,-0.0154158363900604,-0.0450438904412843,0.009586651241815,0.1815117371390351,110,medium,expected_effect
test_threshold,LightGbmTuned,alarm_rate,0.03697328372731,0.0214738705613181,0.0549848465517963,1.256885314445929e-07,90,medium,expected_effect
test_threshold,LogisticRegressionL2,alarm_rate,0.0091444634123472,-0.0120101717716897,0.0314781245636306,0.5001755775782759,90,small,expected_effect
test_threshold,NaiveBaseRate,alarm_rate,0.0,0.0,0.0,1.0,110,negligible,no_effect_by_construction
test_threshold,VIXPercentileCalibrated,alarm_rate,-0.0021537857621169,-0.0271876344525849,0.0183215853370234,3.3635004275591743e-09,110,small,expected_effect
test_threshold,VIXPercentileRaw,alarm_rate,0.0032869259753231,-0.0278140359662055,0.0284673987529328,3.487079538500696e-08,110,small,expected_effect
test_threshold,HarRvThreshold,calm_period_alarm_rate,0.0555052528853214,0.0539281999767793,0.0569330992354621,1.2361786628673118e-11,60,large,expected_effect
test_threshold,LightGbmTuned,calm_period_alarm_rate,0.0537999470496295,0.0240757816697644,0.0884063827908608,0.0011416071426307,45,large,paper_relevant_finding
test_threshold,LogisticRegressionL2,calm_period_alarm_rate,0.0231869484056428,-0.0159007967149267,0.0645547654795838,0.2704107479142178,45,medium,expected_effect
test_threshold,NaiveBaseRate,calm_period_alarm_rate,0.0,0.0,0.0,1.0,50,negligible,no_effect_by_construction
test_threshold,VIXPercentileCalibrated,calm_period_alarm_rate,0.034225150888397,0.0290813042563227,0.0391046963726308,4.429594102949833e-09,50,medium,expected_effect
test_threshold,VIXPercentileRaw,calm_period_alarm_rate,0.0542264724973894,0.0527766600626534,0.0554535591962295,5.574587318225106e-10,50,large,expected_effect
frozen_model,HarRvThreshold,auc,-0.0202236251385395,-0.0270377800436724,-0.0141827060971821,1.785833757324279e-09,50,medium,expected_effect
frozen_model,LightGbmTuned,auc,-0.0695913277870716,-0.1222774327912072,-0.0163643046483689,0.0085856835853051,45,large,expected_effect
frozen_model,LogisticRegressionL2,auc,0.1106434356068187,0.0271928558512728,0.1931420857106263,0.0255823512957906,45,large,expected_effect
frozen_model,NaiveBaseRate,auc,0.0,0.0,0.0,1.0,60,negligible,no_effect_by_construction
frozen_model,VIXPercentileCalibrated,auc,-0.0004682704120259,-0.0100521070748888,0.0087045344728477,0.8667933754906656,60,negligible,expected_effect
frozen_model,VIXPercentileRaw,auc,-0.0001268449726447,-0.0003369775686863,7.748269214063531e-05,0.2769214546562139,60,negligible,expected_effect
frozen_model,HarRvThreshold,pr_auc,-0.0050761494900413,-0.008034481699118,-0.0025136336922059,9.800522884805816e-06,50,small,expected_effect
frozen_model,LightGbmTuned,pr_auc,-0.0442190342124605,-0.0809287966785811,-0.0101003789931738,0.1072262444599013,45,medium,expected_effect
frozen_model,LogisticRegressionL2,pr_auc,-0.0020161263053003,-0.0451237035297228,0.0367602973764312,0.2243070570008664,45,small,expected_effect
frozen_model,NaiveBaseRate,pr_auc,3.353798720221827e-17,2.463307335887066e-17,4.278984574076125e-17,2.1892079240620602e-07,60,negligible,no_effect_by_construction
frozen_model,VIXPercentileCalibrated,pr_auc,0.0010624399991746,-0.0017899834587235,0.0039227406334134,1.0,60,small,expected_effect
frozen_model,VIXPercentileRaw,pr_auc,-6.186265601357786e-06,-0.000115518832151,0.0001126331932693,0.2178634800186059,60,negligible,expected_effect
frozen_model,HarRvThreshold,brier,-0.0010806556578947,-0.0033914447467149,0.0011526299585688,0.0119639995032612,110,small,expected_effect
frozen_model,LightGbmTuned,brier,-0.0355139003579082,-0.049114500362068,-0.0218496669730701,6.855987838141374e-06,90,medium,expected_effect
frozen_model,LogisticRegressionL2,brier,-0.0228060091039264,-0.0433785626046251,-0.0009920170345868,0.0153018064198108,90,medium,expected_effect
frozen_model,NaiveBaseRate,brier,-0.0001906796007567,-0.0005868382035303,0.0002154447138475,0.0105291267463195,110,negligible,expected_effect
frozen_model,VIXPercentileCalibrated,brier,0.0007142662316583,-2.0992460647278943e-05,0.0014263157711368,0.2185096764391954,110,negligible,expected_effect
frozen_model,VIXPercentileRaw,brier,0.0051058342649584,-0.0020853885280645,0.0122979667946758,0.3099821271181114,110,small,expected_effect
frozen_model,HarRvThreshold,drawdown_lift,0.0428922854312152,-0.0173926556223959,0.1107881095807744,0.9345762282621116,45,medium,expected_effect
frozen_model,LightGbmTuned,drawdown_lift,-0.5401880431577043,-0.8210242429700144,-0.2830228242708139,0.0009700100531511,45,large,paper_relevant_finding
frozen_model,LogisticRegressionL2,drawdown_lift,-0.2793009364183875,-0.4515878388002256,-0.107674577686482,0.0034609335365183,55,large,paper_relevant_finding
frozen_model,NaiveBaseRate,drawdown_lift,,,,1.0,0,negligible,no_effect_by_construction
frozen_model,VIXPercentileCalibrated,drawdown_lift,-1.8503717077085938e-17,-5.551115123125783e-17,1.4802973661668754e-17,0.1906835034469295,15,negligible,no_effect_by_construction
frozen_model,VIXPercentileRaw,drawdown_lift,0.000497682516487,9.953650329742325e-05,0.0008958285296766,6.55566199986336e-05,50,negligible,expected_effect
frozen_model,HarRvThreshold,alarm_rate,-0.0034925834683116,-0.0055133806323126,-0.0016592660979796,0.0217142829060139,110,small,expected_effect
frozen_model,LightGbmTuned,alarm_rate,0.0235407011766007,0.0127480857282824,0.0345083048947418,0.000181961919679,90,medium,expected_effect
frozen_model,LogisticRegressionL2,alarm_rate,-0.0049197560461491,-0.0202169459868383,0.0099569080664596,0.7734158419936381,90,small,expected_effect
frozen_model,NaiveBaseRate,alarm_rate,0.0,0.0,0.0,1.0,110,negligible,no_effect_by_construction
frozen_model,VIXPercentileCalibrated,alarm_rate,-0.0022056555569134,-0.0039102373844067,-0.0007274589567656,0.003991514414328,110,small,expected_effect
frozen_model,VIXPercentileRaw,alarm_rate,-0.0003607503607503,-0.0007215007215007,-7.215007215005472e-05,0.0554902819565989,110,negligible,expected_effect
frozen_model,HarRvThreshold,calm_period_alarm_rate,-0.0023809523809523,-0.0038095238095238,-0.0011111111111111,0.003991514414328,60,small,expected_effect
frozen_model,LightGbmTuned,calm_period_alarm_rate,0.0390870728972498,0.0227466020914052,0.0555035586277521,0.0001142410578907,45,medium,expected_effect
frozen_model,LogisticRegressionL2,calm_period_alarm_rate,0.0195139075357515,-0.0032983144042478,0.0416672416754357,0.0368722856301109,45,medium,expected_effect
frozen_model,NaiveBaseRate,calm_period_alarm_rate,0.0,0.0,0.0,1.0,50,negligible,no_effect_by_construction
frozen_model,VIXPercentileCalibrated,calm_period_alarm_rate,0.0,0.0,0.0,1.0,50,negligible,no_effect_by_construction
frozen_model,VIXPercentileRaw,calm_period_alarm_rate,0.0,0.0,0.0,1.0,50,negligible,no_effect_by_construction
