corruption_type,rate,model,metric,n_obs,n_both_valid,n_enabled_only_valid,n_silenced_only_valid,n_both_nan,enabled_valid_rate,silenced_valid_rate,branch_failure_rate
calendar_gaps,0.01,LightGbmTuned,alarm_rate,550,450,0,0,100,0.8181818181818182,0.8181818181818182,0.0
calendar_gaps,0.01,LightGbmTuned,auc,550,225,0,0,325,0.4090909090909091,0.4090909090909091,0.0
calendar_gaps,0.01,LightGbmTuned,brier,550,450,0,0,100,0.8181818181818182,0.8181818181818182,0.0
calendar_gaps,0.01,LightGbmTuned,drawdown_lift,550,290,0,0,260,0.5272727272727272,0.5272727272727272,0.0
calendar_gaps,0.01,LightGbmTuned,pr_auc,550,225,0,0,325,0.4090909090909091,0.4090909090909091,0.0
calendar_gaps,0.01,LogisticRegressionL2,alarm_rate,550,450,0,0,100,0.8181818181818182,0.8181818181818182,0.0
calendar_gaps,0.01,LogisticRegressionL2,auc,550,225,0,0,325,0.4090909090909091,0.4090909090909091,0.0
calendar_gaps,0.01,LogisticRegressionL2,brier,550,450,0,0,100,0.8181818181818182,0.8181818181818182,0.0
calendar_gaps,0.01,LogisticRegressionL2,drawdown_lift,550,350,0,0,200,0.6363636363636364,0.6363636363636364,0.0
calendar_gaps,0.01,LogisticRegressionL2,pr_auc,550,225,0,0,325,0.4090909090909091,0.4090909090909091,0.0
calendar_gaps,0.05,LightGbmTuned,alarm_rate,550,455,0,0,95,0.8272727272727273,0.8272727272727273,0.0
calendar_gaps,0.05,LightGbmTuned,auc,550,220,0,0,330,0.4,0.4,0.0
calendar_gaps,0.05,LightGbmTuned,brier,550,455,0,0,95,0.8272727272727273,0.8272727272727273,0.0
calendar_gaps,0.05,LightGbmTuned,drawdown_lift,550,305,0,0,245,0.5545454545454546,0.5545454545454546,0.0
calendar_gaps,0.05,LightGbmTuned,pr_auc,550,220,0,0,330,0.4,0.4,0.0
calendar_gaps,0.05,LogisticRegressionL2,alarm_rate,550,455,0,0,95,0.8272727272727273,0.8272727272727273,0.0
calendar_gaps,0.05,LogisticRegressionL2,auc,550,220,0,0,330,0.4,0.4,0.0
calendar_gaps,0.05,LogisticRegressionL2,brier,550,455,0,0,95,0.8272727272727273,0.8272727272727273,0.0
calendar_gaps,0.05,LogisticRegressionL2,drawdown_lift,550,340,0,0,210,0.6181818181818182,0.6181818181818182,0.0
calendar_gaps,0.05,LogisticRegressionL2,pr_auc,550,220,0,0,330,0.4,0.4,0.0
calendar_gaps,0.1,LightGbmTuned,alarm_rate,550,435,0,0,115,0.7909090909090909,0.7909090909090909,0.0
calendar_gaps,0.1,LightGbmTuned,auc,550,200,0,0,350,0.36363636363636365,0.36363636363636365,0.0
calendar_gaps,0.1,LightGbmTuned,brier,550,435,0,0,115,0.7909090909090909,0.7909090909090909,0.0
calendar_gaps,0.1,LightGbmTuned,drawdown_lift,550,290,0,0,260,0.5272727272727272,0.5272727272727272,0.0
calendar_gaps,0.1,LightGbmTuned,pr_auc,550,200,0,0,350,0.36363636363636365,0.36363636363636365,0.0
calendar_gaps,0.1,LogisticRegressionL2,alarm_rate,550,435,0,0,115,0.7909090909090909,0.7909090909090909,0.0
calendar_gaps,0.1,LogisticRegressionL2,auc,550,200,0,0,350,0.36363636363636365,0.36363636363636365,0.0
calendar_gaps,0.1,LogisticRegressionL2,brier,550,435,0,0,115,0.7909090909090909,0.7909090909090909,0.0
calendar_gaps,0.1,LogisticRegressionL2,drawdown_lift,550,315,0,0,235,0.5727272727272728,0.5727272727272728,0.0
calendar_gaps,0.1,LogisticRegressionL2,pr_auc,550,200,0,0,350,0.36363636363636365,0.36363636363636365,0.0
duplicate_dates,0.01,LightGbmTuned,alarm_rate,550,450,0,0,100,0.8181818181818182,0.8181818181818182,0.0
duplicate_dates,0.01,LightGbmTuned,auc,550,225,0,0,325,0.4090909090909091,0.4090909090909091,0.0
duplicate_dates,0.01,LightGbmTuned,brier,550,450,0,0,100,0.8181818181818182,0.8181818181818182,0.0
duplicate_dates,0.01,LightGbmTuned,drawdown_lift,550,290,10,20,230,0.5454545454545454,0.5636363636363636,0.01818181818181818
duplicate_dates,0.01,LightGbmTuned,pr_auc,550,225,0,0,325,0.4090909090909091,0.4090909090909091,0.0
duplicate_dates,0.01,LogisticRegressionL2,alarm_rate,550,450,0,0,100,0.8181818181818182,0.8181818181818182,0.0
duplicate_dates,0.01,LogisticRegressionL2,auc,550,225,0,0,325,0.4090909090909091,0.4090909090909091,0.0
duplicate_dates,0.01,LogisticRegressionL2,brier,550,450,0,0,100,0.8181818181818182,0.8181818181818182,0.0
duplicate_dates,0.01,LogisticRegressionL2,drawdown_lift,550,345,5,5,195,0.6363636363636364,0.6363636363636364,0.00909090909090909
duplicate_dates,0.01,LogisticRegressionL2,pr_auc,550,225,0,0,325,0.4090909090909091,0.4090909090909091,0.0
duplicate_dates,0.05,LightGbmTuned,alarm_rate,550,450,0,0,100,0.8181818181818182,0.8181818181818182,0.0
duplicate_dates,0.05,LightGbmTuned,auc,550,225,0,0,325,0.4090909090909091,0.4090909090909091,0.0
duplicate_dates,0.05,LightGbmTuned,brier,550,450,0,0,100,0.8181818181818182,0.8181818181818182,0.0
duplicate_dates,0.05,LightGbmTuned,drawdown_lift,550,275,25,30,220,0.5454545454545454,0.5545454545454546,0.045454545454545456
duplicate_dates,0.05,LightGbmTuned,pr_auc,550,225,0,0,325,0.4090909090909091,0.4090909090909091,0.0
duplicate_dates,0.05,LogisticRegressionL2,alarm_rate,550,450,0,0,100,0.8181818181818182,0.8181818181818182,0.0
duplicate_dates,0.05,LogisticRegressionL2,auc,550,225,0,0,325,0.4090909090909091,0.4090909090909091,0.0
duplicate_dates,0.05,LogisticRegressionL2,brier,550,450,0,0,100,0.8181818181818182,0.8181818181818182,0.0
duplicate_dates,0.05,LogisticRegressionL2,drawdown_lift,550,330,20,15,185,0.6363636363636364,0.6272727272727273,0.03636363636363636
duplicate_dates,0.05,LogisticRegressionL2,pr_auc,550,225,0,0,325,0.4090909090909091,0.4090909090909091,0.0
duplicate_dates,0.1,LightGbmTuned,alarm_rate,550,450,0,25,75,0.8181818181818182,0.8636363636363636,0.0
duplicate_dates,0.1,LightGbmTuned,auc,550,225,0,10,315,0.4090909090909091,0.42727272727272725,0.0
duplicate_dates,0.1,LightGbmTuned,brier,550,450,0,25,75,0.8181818181818182,0.8636363636363636,0.0
duplicate_dates,0.1,LightGbmTuned,drawdown_lift,550,280,20,25,225,0.5454545454545454,0.5545454545454546,0.03636363636363636
duplicate_dates,0.1,LightGbmTuned,pr_auc,550,225,0,10,315,0.4090909090909091,0.42727272727272725,0.0
duplicate_dates,0.1,LogisticRegressionL2,alarm_rate,550,450,0,25,75,0.8181818181818182,0.8636363636363636,0.0
duplicate_dates,0.1,LogisticRegressionL2,auc,550,225,0,10,315,0.4090909090909091,0.42727272727272725,0.0
duplicate_dates,0.1,LogisticRegressionL2,brier,550,450,0,25,75,0.8181818181818182,0.8636363636363636,0.0
duplicate_dates,0.1,LogisticRegressionL2,drawdown_lift,550,320,30,15,185,0.6363636363636364,0.6090909090909091,0.05454545454545454
duplicate_dates,0.1,LogisticRegressionL2,pr_auc,550,225,0,10,315,0.4090909090909091,0.42727272727272725,0.0
extreme_jumps,0.01,LightGbmTuned,alarm_rate,550,450,0,0,100,0.8181818181818182,0.8181818181818182,0.0
extreme_jumps,0.01,LightGbmTuned,auc,550,230,0,0,320,0.41818181818181815,0.41818181818181815,0.0
extreme_jumps,0.01,LightGbmTuned,brier,550,450,0,0,100,0.8181818181818182,0.8181818181818182,0.0
extreme_jumps,0.01,LightGbmTuned,drawdown_lift,550,305,0,0,245,0.5545454545454546,0.5545454545454546,0.0
extreme_jumps,0.01,LightGbmTuned,pr_auc,550,230,0,0,320,0.41818181818181815,0.41818181818181815,0.0
extreme_jumps,0.01,LogisticRegressionL2,alarm_rate,550,450,0,0,100,0.8181818181818182,0.8181818181818182,0.0
extreme_jumps,0.01,LogisticRegressionL2,auc,550,230,0,0,320,0.41818181818181815,0.41818181818181815,0.0
extreme_jumps,0.01,LogisticRegressionL2,brier,550,450,0,0,100,0.8181818181818182,0.8181818181818182,0.0
extreme_jumps,0.01,LogisticRegressionL2,drawdown_lift,550,370,0,0,180,0.6727272727272727,0.6727272727272727,0.0
extreme_jumps,0.01,LogisticRegressionL2,pr_auc,550,230,0,0,320,0.41818181818181815,0.41818181818181815,0.0
extreme_jumps,0.05,LightGbmTuned,alarm_rate,550,450,0,0,100,0.8181818181818182,0.8181818181818182,0.0
extreme_jumps,0.05,LightGbmTuned,auc,550,245,0,0,305,0.44545454545454544,0.44545454545454544,0.0
extreme_jumps,0.05,LightGbmTuned,brier,550,450,0,0,100,0.8181818181818182,0.8181818181818182,0.0
extreme_jumps,0.05,LightGbmTuned,drawdown_lift,550,295,0,0,255,0.5363636363636364,0.5363636363636364,0.0
extreme_jumps,0.05,LightGbmTuned,pr_auc,550,245,0,0,305,0.44545454545454544,0.44545454545454544,0.0
extreme_jumps,0.05,LogisticRegressionL2,alarm_rate,550,450,0,0,100,0.8181818181818182,0.8181818181818182,0.0
extreme_jumps,0.05,LogisticRegressionL2,auc,550,245,0,0,305,0.44545454545454544,0.44545454545454544,0.0
extreme_jumps,0.05,LogisticRegressionL2,brier,550,450,0,0,100,0.8181818181818182,0.8181818181818182,0.0
extreme_jumps,0.05,LogisticRegressionL2,drawdown_lift,550,380,0,0,170,0.6909090909090909,0.6909090909090909,0.0
extreme_jumps,0.05,LogisticRegressionL2,pr_auc,550,245,0,0,305,0.44545454545454544,0.44545454545454544,0.0
extreme_jumps,0.1,LightGbmTuned,alarm_rate,550,450,0,0,100,0.8181818181818182,0.8181818181818182,0.0
extreme_jumps,0.1,LightGbmTuned,auc,550,260,0,0,290,0.4727272727272727,0.4727272727272727,0.0
extreme_jumps,0.1,LightGbmTuned,brier,550,450,0,0,100,0.8181818181818182,0.8181818181818182,0.0
extreme_jumps,0.1,LightGbmTuned,drawdown_lift,550,295,0,0,255,0.5363636363636364,0.5363636363636364,0.0
extreme_jumps,0.1,LightGbmTuned,pr_auc,550,260,0,0,290,0.4727272727272727,0.4727272727272727,0.0
extreme_jumps,0.1,LogisticRegressionL2,alarm_rate,550,450,0,0,100,0.8181818181818182,0.8181818181818182,0.0
extreme_jumps,0.1,LogisticRegressionL2,auc,550,260,0,0,290,0.4727272727272727,0.4727272727272727,0.0
extreme_jumps,0.1,LogisticRegressionL2,brier,550,450,0,0,100,0.8181818181818182,0.8181818181818182,0.0
extreme_jumps,0.1,LogisticRegressionL2,drawdown_lift,550,360,0,0,190,0.6545454545454545,0.6545454545454545,0.0
extreme_jumps,0.1,LogisticRegressionL2,pr_auc,550,260,0,0,290,0.4727272727272727,0.4727272727272727,0.0
missing_values,0.01,LightGbmTuned,alarm_rate,550,0,450,0,100,0.8181818181818182,0.0,0.8181818181818182
missing_values,0.01,LightGbmTuned,auc,550,0,205,0,345,0.37272727272727274,0.0,0.37272727272727274
missing_values,0.01,LightGbmTuned,brier,550,0,450,0,100,0.8181818181818182,0.0,0.8181818181818182
missing_values,0.01,LightGbmTuned,drawdown_lift,550,0,280,0,270,0.509090909090909,0.0,0.509090909090909
missing_values,0.01,LightGbmTuned,pr_auc,550,0,205,0,345,0.37272727272727274,0.0,0.37272727272727274
missing_values,0.01,LogisticRegressionL2,alarm_rate,550,0,450,0,100,0.8181818181818182,0.0,0.8181818181818182
missing_values,0.01,LogisticRegressionL2,auc,550,0,205,0,345,0.37272727272727274,0.0,0.37272727272727274
missing_values,0.01,LogisticRegressionL2,brier,550,0,450,0,100,0.8181818181818182,0.0,0.8181818181818182
missing_values,0.01,LogisticRegressionL2,drawdown_lift,550,0,320,0,230,0.5818181818181818,0.0,0.5818181818181818
missing_values,0.01,LogisticRegressionL2,pr_auc,550,0,205,0,345,0.37272727272727274,0.0,0.37272727272727274
missing_values,0.05,LightGbmTuned,alarm_rate,550,0,425,0,125,0.7727272727272727,0.0,0.7727272727272727
missing_values,0.05,LightGbmTuned,auc,550,0,235,0,315,0.42727272727272725,0.0,0.42727272727272725
missing_values,0.05,LightGbmTuned,brier,550,0,425,0,125,0.7727272727272727,0.0,0.7727272727272727
missing_values,0.05,LightGbmTuned,drawdown_lift,550,0,240,0,310,0.43636363636363634,0.0,0.43636363636363634
missing_values,0.05,LightGbmTuned,pr_auc,550,0,235,0,315,0.42727272727272725,0.0,0.42727272727272725
missing_values,0.05,LogisticRegressionL2,alarm_rate,550,0,425,0,125,0.7727272727272727,0.0,0.7727272727272727
missing_values,0.05,LogisticRegressionL2,auc,550,0,235,0,315,0.42727272727272725,0.0,0.42727272727272725
missing_values,0.05,LogisticRegressionL2,brier,550,0,425,0,125,0.7727272727272727,0.0,0.7727272727272727
missing_values,0.05,LogisticRegressionL2,drawdown_lift,550,0,290,0,260,0.5272727272727272,0.0,0.5272727272727272
missing_values,0.05,LogisticRegressionL2,pr_auc,550,0,235,0,315,0.42727272727272725,0.0,0.42727272727272725
missing_values,0.1,LightGbmTuned,alarm_rate,550,0,400,0,150,0.7272727272727273,0.0,0.7272727272727273
missing_values,0.1,LightGbmTuned,auc,550,0,220,0,330,0.4,0.0,0.4
missing_values,0.1,LightGbmTuned,brier,550,0,400,0,150,0.7272727272727273,0.0,0.7272727272727273
missing_values,0.1,LightGbmTuned,drawdown_lift,550,0,160,0,390,0.2909090909090909,0.0,0.2909090909090909
missing_values,0.1,LightGbmTuned,pr_auc,550,0,220,0,330,0.4,0.0,0.4
missing_values,0.1,LogisticRegressionL2,alarm_rate,550,0,400,0,150,0.7272727272727273,0.0,0.7272727272727273
missing_values,0.1,LogisticRegressionL2,auc,550,0,220,0,330,0.4,0.0,0.4
missing_values,0.1,LogisticRegressionL2,brier,550,0,400,0,150,0.7272727272727273,0.0,0.7272727272727273
missing_values,0.1,LogisticRegressionL2,drawdown_lift,550,0,240,0,310,0.43636363636363634,0.0,0.43636363636363634
missing_values,0.1,LogisticRegressionL2,pr_auc,550,0,220,0,330,0.4,0.0,0.4
stale_quotes,0.01,LightGbmTuned,alarm_rate,550,450,0,0,100,0.8181818181818182,0.8181818181818182,0.0
stale_quotes,0.01,LightGbmTuned,auc,550,225,0,0,325,0.4090909090909091,0.4090909090909091,0.0
stale_quotes,0.01,LightGbmTuned,brier,550,450,0,0,100,0.8181818181818182,0.8181818181818182,0.0
stale_quotes,0.01,LightGbmTuned,drawdown_lift,550,300,0,0,250,0.5454545454545454,0.5454545454545454,0.0
stale_quotes,0.01,LightGbmTuned,pr_auc,550,225,0,0,325,0.4090909090909091,0.4090909090909091,0.0
stale_quotes,0.01,LogisticRegressionL2,alarm_rate,550,450,0,0,100,0.8181818181818182,0.8181818181818182,0.0
stale_quotes,0.01,LogisticRegressionL2,auc,550,225,0,0,325,0.4090909090909091,0.4090909090909091,0.0
stale_quotes,0.01,LogisticRegressionL2,brier,550,450,0,0,100,0.8181818181818182,0.8181818181818182,0.0
stale_quotes,0.01,LogisticRegressionL2,drawdown_lift,550,355,0,0,195,0.6454545454545455,0.6454545454545455,0.0
stale_quotes,0.01,LogisticRegressionL2,pr_auc,550,225,0,0,325,0.4090909090909091,0.4090909090909091,0.0
stale_quotes,0.05,LightGbmTuned,alarm_rate,550,450,0,0,100,0.8181818181818182,0.8181818181818182,0.0
stale_quotes,0.05,LightGbmTuned,auc,550,225,0,0,325,0.4090909090909091,0.4090909090909091,0.0
stale_quotes,0.05,LightGbmTuned,brier,550,450,0,0,100,0.8181818181818182,0.8181818181818182,0.0
stale_quotes,0.05,LightGbmTuned,drawdown_lift,550,300,0,0,250,0.5454545454545454,0.5454545454545454,0.0
stale_quotes,0.05,LightGbmTuned,pr_auc,550,225,0,0,325,0.4090909090909091,0.4090909090909091,0.0
stale_quotes,0.05,LogisticRegressionL2,alarm_rate,550,450,0,0,100,0.8181818181818182,0.8181818181818182,0.0
stale_quotes,0.05,LogisticRegressionL2,auc,550,225,0,0,325,0.4090909090909091,0.4090909090909091,0.0
stale_quotes,0.05,LogisticRegressionL2,brier,550,450,0,0,100,0.8181818181818182,0.8181818181818182,0.0
stale_quotes,0.05,LogisticRegressionL2,drawdown_lift,550,360,0,0,190,0.6545454545454545,0.6545454545454545,0.0
stale_quotes,0.05,LogisticRegressionL2,pr_auc,550,225,0,0,325,0.4090909090909091,0.4090909090909091,0.0
stale_quotes,0.1,LightGbmTuned,alarm_rate,550,455,0,0,95,0.8272727272727273,0.8272727272727273,0.0
stale_quotes,0.1,LightGbmTuned,auc,550,235,0,0,315,0.42727272727272725,0.42727272727272725,0.0
stale_quotes,0.1,LightGbmTuned,brier,550,455,0,0,95,0.8272727272727273,0.8272727272727273,0.0
stale_quotes,0.1,LightGbmTuned,drawdown_lift,550,330,0,0,220,0.6,0.6,0.0
stale_quotes,0.1,LightGbmTuned,pr_auc,550,235,0,0,315,0.42727272727272725,0.42727272727272725,0.0
stale_quotes,0.1,LogisticRegressionL2,alarm_rate,550,455,0,0,95,0.8272727272727273,0.8272727272727273,0.0
stale_quotes,0.1,LogisticRegressionL2,auc,550,235,0,0,315,0.42727272727272725,0.42727272727272725,0.0
stale_quotes,0.1,LogisticRegressionL2,brier,550,455,0,0,95,0.8272727272727273,0.8272727272727273,0.0
stale_quotes,0.1,LogisticRegressionL2,drawdown_lift,550,370,0,0,180,0.6727272727272727,0.6727272727272727,0.0
stale_quotes,0.1,LogisticRegressionL2,pr_auc,550,235,0,0,315,0.42727272727272725,0.42727272727272725,0.0
