corruption_type,rate,model,metric,delta_mean,delta_ci_low,delta_ci_high,wilcoxon_pvalue,n_pairs
calendar_gaps,0.01,LightGbmTuned,alarm_rate,0.0,0.0,0.0,1.0,450
calendar_gaps,0.01,LightGbmTuned,auc,0.0,0.0,0.0,1.0,225
calendar_gaps,0.01,LightGbmTuned,brier,0.0,0.0,0.0,1.0,450
calendar_gaps,0.01,LightGbmTuned,drawdown_lift,0.0,0.0,0.0,1.0,290
calendar_gaps,0.01,LightGbmTuned,pr_auc,0.0,0.0,0.0,1.0,225
calendar_gaps,0.01,LogisticRegressionL2,alarm_rate,0.0,0.0,0.0,1.0,450
calendar_gaps,0.01,LogisticRegressionL2,auc,0.0,0.0,0.0,1.0,225
calendar_gaps,0.01,LogisticRegressionL2,brier,0.0,0.0,0.0,1.0,450
calendar_gaps,0.01,LogisticRegressionL2,drawdown_lift,0.0,0.0,0.0,1.0,350
calendar_gaps,0.01,LogisticRegressionL2,pr_auc,0.0,0.0,0.0,1.0,225
calendar_gaps,0.05,LightGbmTuned,alarm_rate,0.0,0.0,0.0,1.0,455
calendar_gaps,0.05,LightGbmTuned,auc,0.0,0.0,0.0,1.0,220
calendar_gaps,0.05,LightGbmTuned,brier,0.0,0.0,0.0,1.0,455
calendar_gaps,0.05,LightGbmTuned,drawdown_lift,0.0,0.0,0.0,1.0,305
calendar_gaps,0.05,LightGbmTuned,pr_auc,0.0,0.0,0.0,1.0,220
calendar_gaps,0.05,LogisticRegressionL2,alarm_rate,0.0,0.0,0.0,1.0,455
calendar_gaps,0.05,LogisticRegressionL2,auc,0.0,0.0,0.0,1.0,220
calendar_gaps,0.05,LogisticRegressionL2,brier,0.0,0.0,0.0,1.0,455
calendar_gaps,0.05,LogisticRegressionL2,drawdown_lift,0.0,0.0,0.0,1.0,340
calendar_gaps,0.05,LogisticRegressionL2,pr_auc,0.0,0.0,0.0,1.0,220
calendar_gaps,0.1,LightGbmTuned,alarm_rate,0.0,0.0,0.0,1.0,435
calendar_gaps,0.1,LightGbmTuned,auc,0.0,0.0,0.0,1.0,200
calendar_gaps,0.1,LightGbmTuned,brier,0.0,0.0,0.0,1.0,435
calendar_gaps,0.1,LightGbmTuned,drawdown_lift,0.0,0.0,0.0,1.0,290
calendar_gaps,0.1,LightGbmTuned,pr_auc,0.0,0.0,0.0,1.0,200
calendar_gaps,0.1,LogisticRegressionL2,alarm_rate,0.0,0.0,0.0,1.0,435
calendar_gaps,0.1,LogisticRegressionL2,auc,0.0,0.0,0.0,1.0,200
calendar_gaps,0.1,LogisticRegressionL2,brier,0.0,0.0,0.0,1.0,435
calendar_gaps,0.1,LogisticRegressionL2,drawdown_lift,0.0,0.0,0.0,1.0,315
calendar_gaps,0.1,LogisticRegressionL2,pr_auc,0.0,0.0,0.0,1.0,200
duplicate_dates,0.01,LightGbmTuned,alarm_rate,-0.001031396290137202,-0.0030380896234239126,0.0009254314141642846,0.9627685846666809,450
duplicate_dates,0.01,LightGbmTuned,auc,0.006689382731784613,0.00018771461358225552,0.01329227696706702,0.19827312213177262,225
duplicate_dates,0.01,LightGbmTuned,brier,0.001061140096191307,9.538068702782902e-05,0.002032405018989114,0.005059657212901305,450
duplicate_dates,0.01,LightGbmTuned,drawdown_lift,0.13896477839512142,0.06154441057101472,0.2202491806294509,0.1481698962355124,290
duplicate_dates,0.01,LightGbmTuned,pr_auc,0.004544079674555065,-0.000549140491635542,0.00974703628739516,0.07803450349967578,225
duplicate_dates,0.01,LogisticRegressionL2,alarm_rate,0.0031198667113284165,0.0015002429896995575,0.004874770092310363,0.00015766515627520537,450
duplicate_dates,0.01,LogisticRegressionL2,auc,0.00015136265766801,-0.003553255366838808,0.00394951111048345,0.1302772726879343,225
duplicate_dates,0.01,LogisticRegressionL2,brier,0.0023098239780689287,0.001073100026890167,0.003583779542316831,0.01949863706616712,450
duplicate_dates,0.01,LogisticRegressionL2,drawdown_lift,0.04913332749934242,0.0034167686822751866,0.09357046451109624,0.0359715524566485,345
duplicate_dates,0.01,LogisticRegressionL2,pr_auc,0.010927180206413653,0.007475776119649604,0.014562992984437495,8.712642310158272e-12,225
duplicate_dates,0.05,LightGbmTuned,alarm_rate,-0.0017177780675895053,-0.003766104175431048,0.0003747050030929703,0.3577697136077309,450
duplicate_dates,0.05,LightGbmTuned,auc,0.04198701965145806,0.02782158943449456,0.0556778661536912,2.0522301418556605e-07,225
duplicate_dates,0.05,LightGbmTuned,brier,0.004100122777804605,0.002437431548149769,0.005803242364813789,3.7704354558131685e-07,450
duplicate_dates,0.05,LightGbmTuned,drawdown_lift,0.09523997121590028,0.008039692703827183,0.18976864712347238,0.5074081881494379,275
duplicate_dates,0.05,LightGbmTuned,pr_auc,0.009415730063941715,-0.0014898900671834337,0.019879454894373448,0.0011102935221480393,225
duplicate_dates,0.05,LogisticRegressionL2,alarm_rate,0.0038267620171913656,0.0006882180875231704,0.006802894438109253,3.384113340840452e-10,450
duplicate_dates,0.05,LogisticRegressionL2,auc,-0.020484649669122102,-0.03062762727508514,-0.010612285621043594,0.018494025335688828,225
duplicate_dates,0.05,LogisticRegressionL2,brier,0.015195341874003636,0.01313043418066041,0.017374332495439564,4.936802373645768e-33,450
duplicate_dates,0.05,LogisticRegressionL2,drawdown_lift,-0.04256143376668989,-0.08919167549753822,0.004038358020764201,0.13052541311655647,330
duplicate_dates,0.05,LogisticRegressionL2,pr_auc,0.01617395607938698,0.008194604250334525,0.02457454615770813,9.206185989283468e-05,225
duplicate_dates,0.1,LightGbmTuned,alarm_rate,0.0029552662667350336,0.0011096351401217648,0.004818497280413714,7.041145112018477e-05,450
duplicate_dates,0.1,LightGbmTuned,auc,0.03980488818311563,0.024028889385066542,0.05547834912015308,1.2661679357605908e-05,225
duplicate_dates,0.1,LightGbmTuned,brier,0.00658954037530099,0.0044560616641174,0.008712576003008456,3.313654845508798e-08,450
duplicate_dates,0.1,LightGbmTuned,drawdown_lift,0.0654896611715982,-0.021406720229352312,0.1570499084321248,0.8682222157607136,280
duplicate_dates,0.1,LightGbmTuned,pr_auc,0.024458386949012745,0.015288063142955452,0.03326369610196657,1.5549496679022618e-09,225
duplicate_dates,0.1,LogisticRegressionL2,alarm_rate,-0.012580010568642507,-0.02004889479498713,-0.00548769084626632,0.46841355056853595,450
duplicate_dates,0.1,LogisticRegressionL2,auc,-0.020408606326029418,-0.03503758540507396,-0.005917424717316754,0.08519931642211336,225
duplicate_dates,0.1,LogisticRegressionL2,brier,0.013070949827176033,0.009728690353576614,0.0165465505917692,2.810855952556752e-11,450
duplicate_dates,0.1,LogisticRegressionL2,drawdown_lift,0.029762905311346,-0.07252046208096978,0.12351832149267965,0.152458095585034,320
duplicate_dates,0.1,LogisticRegressionL2,pr_auc,0.01939893084702553,0.010523333541593021,0.028426120376751542,1.0205820023045244e-06,225
extreme_jumps,0.01,LightGbmTuned,alarm_rate,0.0,0.0,0.0,1.0,450
extreme_jumps,0.01,LightGbmTuned,auc,0.0,0.0,0.0,1.0,230
extreme_jumps,0.01,LightGbmTuned,brier,0.0,0.0,0.0,1.0,450
extreme_jumps,0.01,LightGbmTuned,drawdown_lift,0.0,0.0,0.0,1.0,305
extreme_jumps,0.01,LightGbmTuned,pr_auc,0.0,0.0,0.0,1.0,230
extreme_jumps,0.01,LogisticRegressionL2,alarm_rate,0.0,0.0,0.0,1.0,450
extreme_jumps,0.01,LogisticRegressionL2,auc,0.0,0.0,0.0,1.0,230
extreme_jumps,0.01,LogisticRegressionL2,brier,0.0,0.0,0.0,1.0,450
extreme_jumps,0.01,LogisticRegressionL2,drawdown_lift,0.0,0.0,0.0,1.0,370
extreme_jumps,0.01,LogisticRegressionL2,pr_auc,0.0,0.0,0.0,1.0,230
extreme_jumps,0.05,LightGbmTuned,alarm_rate,0.0,0.0,0.0,1.0,450
extreme_jumps,0.05,LightGbmTuned,auc,0.0,0.0,0.0,1.0,245
extreme_jumps,0.05,LightGbmTuned,brier,0.0,0.0,0.0,1.0,450
extreme_jumps,0.05,LightGbmTuned,drawdown_lift,0.0,0.0,0.0,1.0,295
extreme_jumps,0.05,LightGbmTuned,pr_auc,0.0,0.0,0.0,1.0,245
extreme_jumps,0.05,LogisticRegressionL2,alarm_rate,0.0,0.0,0.0,1.0,450
extreme_jumps,0.05,LogisticRegressionL2,auc,0.0,0.0,0.0,1.0,245
extreme_jumps,0.05,LogisticRegressionL2,brier,0.0,0.0,0.0,1.0,450
extreme_jumps,0.05,LogisticRegressionL2,drawdown_lift,0.0,0.0,0.0,1.0,380
extreme_jumps,0.05,LogisticRegressionL2,pr_auc,0.0,0.0,0.0,1.0,245
extreme_jumps,0.1,LightGbmTuned,alarm_rate,0.0,0.0,0.0,1.0,450
extreme_jumps,0.1,LightGbmTuned,auc,0.0,0.0,0.0,1.0,260
extreme_jumps,0.1,LightGbmTuned,brier,0.0,0.0,0.0,1.0,450
extreme_jumps,0.1,LightGbmTuned,drawdown_lift,0.0,0.0,0.0,1.0,295
extreme_jumps,0.1,LightGbmTuned,pr_auc,0.0,0.0,0.0,1.0,260
extreme_jumps,0.1,LogisticRegressionL2,alarm_rate,0.0,0.0,0.0,1.0,450
extreme_jumps,0.1,LogisticRegressionL2,auc,0.0,0.0,0.0,1.0,260
extreme_jumps,0.1,LogisticRegressionL2,brier,0.0,0.0,0.0,1.0,450
extreme_jumps,0.1,LogisticRegressionL2,drawdown_lift,0.0,0.0,0.0,1.0,360
extreme_jumps,0.1,LogisticRegressionL2,pr_auc,0.0,0.0,0.0,1.0,260
missing_values,0.01,LightGbmTuned,alarm_rate,,,,1.0,0
missing_values,0.01,LightGbmTuned,auc,,,,1.0,0
missing_values,0.01,LightGbmTuned,brier,,,,1.0,0
missing_values,0.01,LightGbmTuned,drawdown_lift,,,,1.0,0
missing_values,0.01,LightGbmTuned,pr_auc,,,,1.0,0
missing_values,0.01,LogisticRegressionL2,alarm_rate,,,,1.0,0
missing_values,0.01,LogisticRegressionL2,auc,,,,1.0,0
missing_values,0.01,LogisticRegressionL2,brier,,,,1.0,0
missing_values,0.01,LogisticRegressionL2,drawdown_lift,,,,1.0,0
missing_values,0.01,LogisticRegressionL2,pr_auc,,,,1.0,0
missing_values,0.05,LightGbmTuned,alarm_rate,,,,1.0,0
missing_values,0.05,LightGbmTuned,auc,,,,1.0,0
missing_values,0.05,LightGbmTuned,brier,,,,1.0,0
missing_values,0.05,LightGbmTuned,drawdown_lift,,,,1.0,0
missing_values,0.05,LightGbmTuned,pr_auc,,,,1.0,0
missing_values,0.05,LogisticRegressionL2,alarm_rate,,,,1.0,0
missing_values,0.05,LogisticRegressionL2,auc,,,,1.0,0
missing_values,0.05,LogisticRegressionL2,brier,,,,1.0,0
missing_values,0.05,LogisticRegressionL2,drawdown_lift,,,,1.0,0
missing_values,0.05,LogisticRegressionL2,pr_auc,,,,1.0,0
missing_values,0.1,LightGbmTuned,alarm_rate,,,,1.0,0
missing_values,0.1,LightGbmTuned,auc,,,,1.0,0
missing_values,0.1,LightGbmTuned,brier,,,,1.0,0
missing_values,0.1,LightGbmTuned,drawdown_lift,,,,1.0,0
missing_values,0.1,LightGbmTuned,pr_auc,,,,1.0,0
missing_values,0.1,LogisticRegressionL2,alarm_rate,,,,1.0,0
missing_values,0.1,LogisticRegressionL2,auc,,,,1.0,0
missing_values,0.1,LogisticRegressionL2,brier,,,,1.0,0
missing_values,0.1,LogisticRegressionL2,drawdown_lift,,,,1.0,0
missing_values,0.1,LogisticRegressionL2,pr_auc,,,,1.0,0
stale_quotes,0.01,LightGbmTuned,alarm_rate,0.0,0.0,0.0,1.0,450
stale_quotes,0.01,LightGbmTuned,auc,0.0,0.0,0.0,1.0,225
stale_quotes,0.01,LightGbmTuned,brier,0.0,0.0,0.0,1.0,450
stale_quotes,0.01,LightGbmTuned,drawdown_lift,0.0,0.0,0.0,1.0,300
stale_quotes,0.01,LightGbmTuned,pr_auc,0.0,0.0,0.0,1.0,225
stale_quotes,0.01,LogisticRegressionL2,alarm_rate,0.0,0.0,0.0,1.0,450
stale_quotes,0.01,LogisticRegressionL2,auc,0.0,0.0,0.0,1.0,225
stale_quotes,0.01,LogisticRegressionL2,brier,0.0,0.0,0.0,1.0,450
stale_quotes,0.01,LogisticRegressionL2,drawdown_lift,0.0,0.0,0.0,1.0,355
stale_quotes,0.01,LogisticRegressionL2,pr_auc,0.0,0.0,0.0,1.0,225
stale_quotes,0.05,LightGbmTuned,alarm_rate,0.0,0.0,0.0,1.0,450
stale_quotes,0.05,LightGbmTuned,auc,0.0,0.0,0.0,1.0,225
stale_quotes,0.05,LightGbmTuned,brier,0.0,0.0,0.0,1.0,450
stale_quotes,0.05,LightGbmTuned,drawdown_lift,0.0,0.0,0.0,1.0,300
stale_quotes,0.05,LightGbmTuned,pr_auc,0.0,0.0,0.0,1.0,225
stale_quotes,0.05,LogisticRegressionL2,alarm_rate,0.0,0.0,0.0,1.0,450
stale_quotes,0.05,LogisticRegressionL2,auc,0.0,0.0,0.0,1.0,225
stale_quotes,0.05,LogisticRegressionL2,brier,0.0,0.0,0.0,1.0,450
stale_quotes,0.05,LogisticRegressionL2,drawdown_lift,0.0,0.0,0.0,1.0,360
stale_quotes,0.05,LogisticRegressionL2,pr_auc,0.0,0.0,0.0,1.0,225
stale_quotes,0.1,LightGbmTuned,alarm_rate,0.0,0.0,0.0,1.0,455
stale_quotes,0.1,LightGbmTuned,auc,0.0,0.0,0.0,1.0,235
stale_quotes,0.1,LightGbmTuned,brier,0.0,0.0,0.0,1.0,455
stale_quotes,0.1,LightGbmTuned,drawdown_lift,0.0,0.0,0.0,1.0,330
stale_quotes,0.1,LightGbmTuned,pr_auc,0.0,0.0,0.0,1.0,235
stale_quotes,0.1,LogisticRegressionL2,alarm_rate,0.0,0.0,0.0,1.0,455
stale_quotes,0.1,LogisticRegressionL2,auc,0.0,0.0,0.0,1.0,235
stale_quotes,0.1,LogisticRegressionL2,brier,0.0,0.0,0.0,1.0,455
stale_quotes,0.1,LogisticRegressionL2,drawdown_lift,0.0,0.0,0.0,1.0,370
stale_quotes,0.1,LogisticRegressionL2,pr_auc,0.0,0.0,0.0,1.0,235
