asset,stress_def,drift_metric,operational_metric,spearman_rho,p_value,n_pairs
spx,h10_d05,mean_psi,auc,-0.08161806296556194,0.14518645743957262,320
spx,h10_d05,mean_psi,pr_auc,0.5269580149458191,2.9020576513672023e-24,320
spx,h10_d05,mean_psi,drawdown_lift,0.31320699316654904,2.518817498657984e-07,260
spx,h10_d05,mean_psi,alarm_rate,0.12312405974761777,0.0021314968968065015,620
spx,h10_d05,mean_psi,alarm_rate_gap_abs,0.03925200786258833,0.3291780320450239,620
spx,h10_d05,mean_psi,alarm_rate_gap_signed,0.12312405974761777,0.0021314968968065015,620
spx,h10_d05,max_psi,auc,-0.1931650565690469,0.0005114237461125419,320
spx,h10_d05,max_psi,pr_auc,0.41353289887340655,1.1937385879308621e-14,320
spx,h10_d05,max_psi,drawdown_lift,0.18465475823386518,0.0028001441555440486,260
spx,h10_d05,max_psi,alarm_rate,0.12570268444744234,0.0017120900718407392,620
spx,h10_d05,max_psi,alarm_rate_gap_abs,-0.016697824520798564,0.6781694439801218,620
spx,h10_d05,max_psi,alarm_rate_gap_signed,0.12570268444744234,0.0017120900718407392,620
spx,h10_d05,mean_kl,auc,-0.08161806296556194,0.14518645743957262,320
spx,h10_d05,mean_kl,pr_auc,0.5269580149458191,2.9020576513672023e-24,320
spx,h10_d05,mean_kl,drawdown_lift,0.2858190336602516,2.8053803031594003e-06,260
spx,h10_d05,mean_kl,alarm_rate,0.14377413602223463,0.00032890903567472105,620
spx,h10_d05,mean_kl,alarm_rate_gap_abs,0.014962346861788572,0.7100206012830474,620
spx,h10_d05,mean_kl,alarm_rate_gap_signed,0.14377413602223463,0.00032890903567472105,620
spx,h10_d05,max_kl,auc,-0.1459064212980628,0.008953046251696486,320
spx,h10_d05,max_kl,pr_auc,0.24652039003744752,8.131936412655964e-06,320
spx,h10_d05,max_kl,drawdown_lift,0.13159058669041376,0.03393513180390302,260
spx,h10_d05,max_kl,alarm_rate,0.06134246033193009,0.12706722440950421,620
spx,h10_d05,max_kl,alarm_rate_gap_abs,-0.048301786100664726,0.22975943449526082,620
spx,h10_d05,max_kl,alarm_rate_gap_signed,0.06134246033193009,0.12706722440950421,620
spx,h10_d05,n_high_drift,auc,-0.16806271522294638,0.0025603721963223637,320
spx,h10_d05,n_high_drift,pr_auc,0.5344954803787338,4.870168935684124e-25,320
spx,h10_d05,n_high_drift,drawdown_lift,0.36010860514271964,2.225396574962816e-09,260
spx,h10_d05,n_high_drift,alarm_rate,0.06800814736386085,0.09065909204525237,620
spx,h10_d05,n_high_drift,alarm_rate_gap_abs,0.17326992851897424,1.4343392309535846e-05,620
spx,h10_d05,n_high_drift,alarm_rate_gap_signed,0.06800814736386085,0.09065909204525237,620
spx,h20_d07,mean_psi,auc,-0.15752012761269554,0.004736445084474868,320
spx,h20_d07,mean_psi,pr_auc,0.6725072499791749,1.7932538451460584e-43,320
spx,h20_d07,mean_psi,drawdown_lift,0.2359583894256637,0.00048472837098238075,215
spx,h20_d07,mean_psi,alarm_rate,0.14570815207344093,0.0002723976312581129,620
spx,h20_d07,mean_psi,alarm_rate_gap_abs,0.06235414160753758,0.12090601435602438,620
spx,h20_d07,mean_psi,alarm_rate_gap_signed,0.14570815207344093,0.0002723976312581129,620
spx,h20_d07,max_psi,auc,-0.0666582171778347,0.23441012349901177,320
spx,h20_d07,max_psi,pr_auc,0.5936023061350965,7.517751470590669e-32,320
spx,h20_d07,max_psi,drawdown_lift,0.1228618755334784,0.07220489718001871,215
spx,h20_d07,max_psi,alarm_rate,0.13388204680573731,0.0008318738036468357,620
spx,h20_d07,max_psi,alarm_rate_gap_abs,0.019189599294175255,0.6334355773427095,620
spx,h20_d07,max_psi,alarm_rate_gap_signed,0.13388204680573731,0.0008318738036468357,620
spx,h20_d07,mean_kl,auc,-0.1314936586003738,0.018610024864467264,320
spx,h20_d07,mean_kl,pr_auc,0.6253113400619539,4.0246788603478566e-36,320
spx,h20_d07,mean_kl,drawdown_lift,0.2359583894256637,0.00048472837098238075,215
spx,h20_d07,mean_kl,alarm_rate,0.15236311846310852,0.00013986193441430073,620
spx,h20_d07,mean_kl,alarm_rate_gap_abs,0.04571301606458954,0.2557297418377233,620
spx,h20_d07,mean_kl,alarm_rate_gap_signed,0.15236311846310852,0.00013986193441430073,620
spx,h20_d07,max_kl,auc,-0.0071757374670497025,0.8982575374077316,320
spx,h20_d07,max_kl,pr_auc,0.47287820160487287,3.1147002860788853e-19,320
spx,h20_d07,max_kl,drawdown_lift,0.11544322870520922,0.09131296633251892,215
spx,h20_d07,max_kl,alarm_rate,0.06971392606523015,0.0828346425330536,620
spx,h20_d07,max_kl,alarm_rate_gap_abs,-0.013551054749975295,0.7363030357897733,620
spx,h20_d07,max_kl,alarm_rate_gap_signed,0.06971392606523015,0.0828346425330536,620
spx,h20_d07,n_high_drift,auc,-0.2560775011428917,3.4751217383728265e-06,320
spx,h20_d07,n_high_drift,pr_auc,0.8021192873216834,3.492450015050435e-73,320
spx,h20_d07,n_high_drift,drawdown_lift,0.26911894542717274,6.413784429284482e-05,215
spx,h20_d07,n_high_drift,alarm_rate,0.10943246623313162,0.006380786296806381,620
spx,h20_d07,n_high_drift,alarm_rate_gap_abs,0.27386586490834625,3.962010185152719e-12,620
spx,h20_d07,n_high_drift,alarm_rate_gap_signed,0.10943246623313162,0.006380786296806381,620
spx,h5_d03,mean_psi,auc,0.14475966669733156,0.0009311689814214899,520
spx,h5_d03,mean_psi,pr_auc,0.49127675443353047,6.039051315555029e-33,520
spx,h5_d03,mean_psi,drawdown_lift,0.06990444822476409,0.29111934705145104,230
spx,h5_d03,mean_psi,alarm_rate,0.06994010428663437,0.08183943519696431,620
spx,h5_d03,mean_psi,alarm_rate_gap_abs,0.1742977193521593,1.2731329487540307e-05,620
spx,h5_d03,mean_psi,alarm_rate_gap_signed,0.06994010428663437,0.08183943519696431,620
spx,h5_d03,max_psi,auc,-0.06620558090782132,0.1316208454194921,520
spx,h5_d03,max_psi,pr_auc,0.41736247272649574,2.4656939389778852e-23,520
spx,h5_d03,max_psi,drawdown_lift,0.02870412741264649,0.6649878256430871,230
spx,h5_d03,max_psi,alarm_rate,0.10222742270003803,0.01086592994799502,620
spx,h5_d03,max_psi,alarm_rate_gap_abs,0.08742513035829297,0.029507121259048613,620
spx,h5_d03,max_psi,alarm_rate_gap_signed,0.10222742270003803,0.01086592994799502,620
spx,h5_d03,mean_kl,auc,0.05918914112274352,0.17776979204405235,520
spx,h5_d03,mean_kl,pr_auc,0.49576417830126035,1.3135344404208727e-33,520
spx,h5_d03,mean_kl,drawdown_lift,0.060625096690503366,0.360056261925624,230
spx,h5_d03,mean_kl,alarm_rate,0.0920708399881432,0.021860051264432488,620
spx,h5_d03,mean_kl,alarm_rate_gap_abs,0.1491570872707475,0.00019349822632826105,620
spx,h5_d03,mean_kl,alarm_rate_gap_signed,0.0920708399881432,0.021860051264432488,620
spx,h5_d03,max_kl,auc,-0.05099256620561898,0.2457369235829459,520
spx,h5_d03,max_kl,pr_auc,0.318254511304921,1.0535379311369744e-13,520
spx,h5_d03,max_kl,drawdown_lift,0.007176031853161622,0.9138066222169642,230
spx,h5_d03,max_kl,alarm_rate,0.029524611591270497,0.46305032104937244,620
spx,h5_d03,max_kl,alarm_rate_gap_abs,0.03323245495781764,0.4087815325674455,620
spx,h5_d03,max_kl,alarm_rate_gap_signed,0.029524611591270497,0.46305032104937244,620
spx,h5_d03,n_high_drift,auc,0.04793501210876863,0.27523626653211725,520
spx,h5_d03,n_high_drift,pr_auc,0.32818199571041495,1.598366921720385e-14,520
spx,h5_d03,n_high_drift,drawdown_lift,0.011163660800779919,0.8662779700143236,230
spx,h5_d03,n_high_drift,alarm_rate,-0.07760219360620407,0.0534468506213525,620
spx,h5_d03,n_high_drift,alarm_rate_gap_abs,0.2969772748688386,4.3273146518846026e-14,620
spx,h5_d03,n_high_drift,alarm_rate_gap_signed,-0.07760219360620407,0.0534468506213525,620
ndx,h10_d05,mean_psi,auc,-0.04951196099683629,0.239994625979693,565
ndx,h10_d05,mean_psi,pr_auc,0.10739853687364632,0.010631816881870718,565
ndx,h10_d05,mean_psi,drawdown_lift,0.36056953344746134,5.828096774683032e-06,150
ndx,h10_d05,mean_psi,alarm_rate,0.009906550910275065,0.7994741591522762,660
ndx,h10_d05,mean_psi,alarm_rate_gap_abs,0.18634563867431203,1.4318711611167166e-06,660
ndx,h10_d05,mean_psi,alarm_rate_gap_signed,0.009906550910275065,0.7994741591522762,660
ndx,h10_d05,max_psi,auc,-0.026771062838022972,0.5253987707400679,565
ndx,h10_d05,max_psi,pr_auc,0.2080238929161732,6.088357489268875e-07,565
ndx,h10_d05,max_psi,drawdown_lift,-0.032983025150452275,0.6886500894198598,150
ndx,h10_d05,max_psi,alarm_rate,-0.004141963096106386,0.9154175568573977,660
ndx,h10_d05,max_psi,alarm_rate_gap_abs,0.011230271075010095,0.7733673528694315,660
ndx,h10_d05,max_psi,alarm_rate_gap_signed,-0.004141963096106386,0.9154175568573977,660
ndx,h10_d05,mean_kl,auc,-0.05767664469702698,0.17097993839537973,565
ndx,h10_d05,mean_kl,pr_auc,0.11841718825953138,0.004825861828365803,565
ndx,h10_d05,mean_kl,drawdown_lift,0.36056953344746134,5.828096774683032e-06,150
ndx,h10_d05,mean_kl,alarm_rate,0.012831545467834729,0.7421276921306992,660
ndx,h10_d05,mean_kl,alarm_rate_gap_abs,0.18389035127198092,1.975756363586963e-06,660
ndx,h10_d05,mean_kl,alarm_rate_gap_signed,0.012831545467834729,0.7421276921306992,660
ndx,h10_d05,max_kl,auc,-0.05487159999021299,0.19278793254031776,565
ndx,h10_d05,max_kl,pr_auc,0.20982285640774628,4.840900225201774e-07,565
ndx,h10_d05,max_kl,drawdown_lift,-0.03253427650894952,0.6926707721000532,150
ndx,h10_d05,max_kl,alarm_rate,-0.0122337363611802,0.7537440766605671,660
ndx,h10_d05,max_kl,alarm_rate_gap_abs,0.009330092128858198,0.8109154157755207,660
ndx,h10_d05,max_kl,alarm_rate_gap_signed,-0.0122337363611802,0.7537440766605671,660
ndx,h10_d05,n_high_drift,auc,-0.09010567862486661,0.03224165454952129,565
ndx,h10_d05,n_high_drift,pr_auc,0.034242603201225574,0.416577600375609,565
ndx,h10_d05,n_high_drift,drawdown_lift,0.5461343293525166,4.887947408842089e-13,150
ndx,h10_d05,n_high_drift,alarm_rate,0.0760582527202531,0.050808020033913354,660
ndx,h10_d05,n_high_drift,alarm_rate_gap_abs,0.30854714886854806,5.04530318172118e-16,660
ndx,h10_d05,n_high_drift,alarm_rate_gap_signed,0.0760582527202531,0.050808020033913354,660
ndx,h20_d07,mean_psi,auc,-0.0701153880443832,0.11556144067484934,505
ndx,h20_d07,mean_psi,pr_auc,0.2575751058814866,4.271406294672439e-09,505
ndx,h20_d07,mean_psi,drawdown_lift,0.26251795527911,0.0011728872172836933,150
ndx,h20_d07,mean_psi,alarm_rate,0.04336345574946634,0.2659494802575912,660
ndx,h20_d07,mean_psi,alarm_rate_gap_abs,0.10190732362983891,0.008795365030877208,660
ndx,h20_d07,mean_psi,alarm_rate_gap_signed,0.04336345574946634,0.2659494802575912,660
ndx,h20_d07,max_psi,auc,-0.04796537267986779,0.282000647463186,505
ndx,h20_d07,max_psi,pr_auc,0.3405699407365851,3.520875717802494e-15,505
ndx,h20_d07,max_psi,drawdown_lift,0.0031412404905192645,0.9695677376771245,150
ndx,h20_d07,max_psi,alarm_rate,0.017849260958421397,0.6471514277991923,660
ndx,h20_d07,max_psi,alarm_rate_gap_abs,-0.06605934617865526,0.08993685401109229,660
ndx,h20_d07,max_psi,alarm_rate_gap_signed,0.017849260958421397,0.6471514277991923,660
ndx,h20_d07,mean_kl,auc,-0.08998370610510541,0.043256666563455254,505
ndx,h20_d07,mean_kl,pr_auc,0.27024660744940965,6.691344500112102e-10,505
ndx,h20_d07,mean_kl,drawdown_lift,0.26251795527911,0.0011728872172836933,150
ndx,h20_d07,mean_kl,alarm_rate,0.0483381899639546,0.21490082755334017,660
ndx,h20_d07,mean_kl,alarm_rate_gap_abs,0.09671908150914943,0.012923212474196593,660
ndx,h20_d07,mean_kl,alarm_rate_gap_signed,0.0483381899639546,0.21490082755334017,660
ndx,h20_d07,max_kl,auc,-0.08419170525701501,0.058672061197712885,505
ndx,h20_d07,max_kl,pr_auc,0.3564268197704778,1.42336457122895e-16,505
ndx,h20_d07,max_kl,drawdown_lift,0.004936235056530272,0.9521947371758861,150
ndx,h20_d07,max_kl,alarm_rate,0.01342964730005629,0.7305639786148199,660
ndx,h20_d07,max_kl,alarm_rate_gap_abs,-0.07299835313019469,0.060888003440260755,660
ndx,h20_d07,max_kl,alarm_rate_gap_signed,0.01342964730005629,0.7305639786148199,660
ndx,h20_d07,n_high_drift,auc,-0.08967661889883749,0.04397832024589403,505
ndx,h20_d07,n_high_drift,pr_auc,0.08264186231073681,0.06349375123774734,505
ndx,h20_d07,n_high_drift,drawdown_lift,0.40813703650835315,2.1672391672161489e-07,150
ndx,h20_d07,n_high_drift,alarm_rate,0.1129250232466494,0.003673777475375417,660
ndx,h20_d07,n_high_drift,alarm_rate_gap_abs,0.22776987974429241,3.2511421423837315e-09,660
ndx,h20_d07,n_high_drift,alarm_rate_gap_signed,0.1129250232466494,0.003673777475375417,660
ndx,h5_d03,mean_psi,auc,-0.12721029689685479,0.0013760894446634814,630
ndx,h5_d03,mean_psi,pr_auc,0.02163919790313251,0.5877328150243565,630
ndx,h5_d03,mean_psi,drawdown_lift,0.04930887566319658,0.5700787787202125,135
ndx,h5_d03,mean_psi,alarm_rate,0.05104771614570292,0.19026090669234963,660
ndx,h5_d03,mean_psi,alarm_rate_gap_abs,0.15314314843710877,7.809080787164155e-05,660
ndx,h5_d03,mean_psi,alarm_rate_gap_signed,0.05104771614570292,0.19026090669234963,660
ndx,h5_d03,max_psi,auc,-0.16889135385851586,2.0317788277392493e-05,630
ndx,h5_d03,max_psi,pr_auc,0.11743904407378657,0.00315657568385171,630
ndx,h5_d03,max_psi,drawdown_lift,-0.2933878101960196,0.0005534036165518398,135
ndx,h5_d03,max_psi,alarm_rate,0.024923558274970812,0.5227036589013663,660
ndx,h5_d03,max_psi,alarm_rate_gap_abs,-0.018031227262267017,0.6438015892828863,660
ndx,h5_d03,max_psi,alarm_rate_gap_signed,0.024923558274970812,0.5227036589013663,660
ndx,h5_d03,mean_kl,auc,-0.12952189797618432,0.0011210083706659627,630
ndx,h5_d03,mean_kl,pr_auc,0.03244978802959338,0.4161722869732269,630
ndx,h5_d03,mean_kl,drawdown_lift,0.04930887566319658,0.5700787787202125,135
ndx,h5_d03,mean_kl,alarm_rate,0.0539158151800216,0.166510639897672,660
ndx,h5_d03,mean_kl,alarm_rate_gap_abs,0.15014164944770553,0.00010800553852492219,660
ndx,h5_d03,mean_kl,alarm_rate_gap_signed,0.0539158151800216,0.166510639897672,660
ndx,h5_d03,max_kl,auc,-0.19738906091462557,5.920248572902138e-07,630
ndx,h5_d03,max_kl,pr_auc,0.09783584064447086,0.014022779165810071,630
ndx,h5_d03,max_kl,drawdown_lift,-0.25887159723178205,0.0024317994423149218,135
ndx,h5_d03,max_kl,alarm_rate,0.018609293734300238,0.633207969913476,660
ndx,h5_d03,max_kl,alarm_rate_gap_abs,-0.02318935885887115,0.5520466311543583,660
ndx,h5_d03,max_kl,alarm_rate_gap_signed,0.018609293734300238,0.633207969913476,660
ndx,h5_d03,n_high_drift,auc,0.07256116872833415,0.06875083450971324,630
ndx,h5_d03,n_high_drift,pr_auc,0.04718699403906292,0.2369316729055597,630
ndx,h5_d03,n_high_drift,drawdown_lift,0.28224428077600805,0.0009112494993936471,135
ndx,h5_d03,n_high_drift,alarm_rate,0.11161767470247012,0.004091102232386439,660
ndx,h5_d03,n_high_drift,alarm_rate_gap_abs,0.29030928312632803,2.7728913721359992e-14,660
ndx,h5_d03,n_high_drift,alarm_rate_gap_signed,0.11161767470247012,0.004091102232386439,660
rut,h10_d05,mean_psi,auc,-0.20059636223555885,7.278574073575049e-07,600
rut,h10_d05,mean_psi,pr_auc,0.11890532243617025,0.0035358096304031568,600
rut,h10_d05,mean_psi,drawdown_lift,0.3187761191545454,7.3763164225653924e-06,190
rut,h10_d05,mean_psi,alarm_rate,0.037070478448775146,0.34166559768053684,660
rut,h10_d05,mean_psi,alarm_rate_gap_abs,0.26937358242444176,1.9542336735831833e-12,660
rut,h10_d05,mean_psi,alarm_rate_gap_signed,0.037070478448775146,0.34166559768053684,660
rut,h10_d05,max_psi,auc,-0.08526495363733679,0.03679742214389824,600
rut,h10_d05,max_psi,pr_auc,0.03416963476323629,0.4034473347759468,600
rut,h10_d05,max_psi,drawdown_lift,0.18581538003803383,0.010264780062537854,190
rut,h10_d05,max_psi,alarm_rate,-0.0005489018490564275,0.9887702938912389,660
rut,h10_d05,max_psi,alarm_rate_gap_abs,0.17643273719670885,5.118658973962457e-06,660
rut,h10_d05,max_psi,alarm_rate_gap_signed,-0.0005489018490564275,0.9887702938912389,660
rut,h10_d05,mean_kl,auc,-0.15530850309419758,0.00013370480590491857,600
rut,h10_d05,mean_kl,pr_auc,0.1780033537452352,1.1537082279930507e-05,600
rut,h10_d05,mean_kl,drawdown_lift,0.30449108106764744,1.943453412348882e-05,190
rut,h10_d05,mean_kl,alarm_rate,0.06610346553636691,0.08972201288280435,660
rut,h10_d05,mean_kl,alarm_rate_gap_abs,0.2783716520214739,3.280149792268252e-13,660
rut,h10_d05,mean_kl,alarm_rate_gap_signed,0.06610346553636691,0.08972201288280435,660
rut,h10_d05,max_kl,auc,-0.00489259420086729,0.9048044599409257,600
rut,h10_d05,max_kl,pr_auc,0.010659757853488244,0.7944221388341048,600
rut,h10_d05,max_kl,drawdown_lift,0.1884526178386919,0.009217729200349429,190
rut,h10_d05,max_kl,alarm_rate,-0.017760895544468688,0.6487807385317611,660
rut,h10_d05,max_kl,alarm_rate_gap_abs,0.17788340636921507,4.266403205812445e-06,660
rut,h10_d05,max_kl,alarm_rate_gap_signed,-0.017760895544468688,0.6487807385317611,660
rut,h10_d05,n_high_drift,auc,-0.2636105826251561,5.3796916815486994e-11,600
rut,h10_d05,n_high_drift,pr_auc,0.20949979122896709,2.2361773617015881e-07,600
rut,h10_d05,n_high_drift,drawdown_lift,0.4577307033334747,3.142783669961233e-11,190
rut,h10_d05,n_high_drift,alarm_rate,0.08369852812690617,0.03155903884112996,660
rut,h10_d05,n_high_drift,alarm_rate_gap_abs,0.3337149051248995,1.2418986062368228e-18,660
rut,h10_d05,n_high_drift,alarm_rate_gap_signed,0.08369852812690617,0.03155903884112996,660
rut,h20_d07,mean_psi,auc,-0.07115698990412293,0.09107024545104521,565
rut,h20_d07,mean_psi,pr_auc,0.3481376379164564,1.529011315525801e-17,565
rut,h20_d07,mean_psi,drawdown_lift,0.03233141089110957,0.6665686423099082,180
rut,h20_d07,mean_psi,alarm_rate,0.07800291390511929,0.04515739318527973,660
rut,h20_d07,mean_psi,alarm_rate_gap_abs,0.16789103492254231,1.4520740463165994e-05,660
rut,h20_d07,mean_psi,alarm_rate_gap_signed,0.07800291390511929,0.04515739318527973,660
rut,h20_d07,max_psi,auc,-0.07288509419345872,0.08346517532678663,565
rut,h20_d07,max_psi,pr_auc,0.19845690135506233,1.992464661544333e-06,565
rut,h20_d07,max_psi,drawdown_lift,0.05690328316835284,0.4480116736717202,180
rut,h20_d07,max_psi,alarm_rate,0.03188032025417936,0.4135424588661394,660
rut,h20_d07,max_psi,alarm_rate_gap_abs,0.08014025367153357,0.03956623131257252,660
rut,h20_d07,max_psi,alarm_rate_gap_signed,0.03188032025417936,0.4135424588661394,660
rut,h20_d07,mean_kl,auc,-0.029882846877668574,0.47839124833649593,565
rut,h20_d07,mean_kl,pr_auc,0.3719489680872235,5.591853763101758e-20,565
rut,h20_d07,mean_kl,drawdown_lift,-0.002586512871288765,0.9725103300514594,180
rut,h20_d07,mean_kl,alarm_rate,0.11411796341611946,0.0033270798839296215,660
rut,h20_d07,mean_kl,alarm_rate_gap_abs,0.17484238294788967,6.239273781647039e-06,660
rut,h20_d07,mean_kl,alarm_rate_gap_signed,0.11411796341611946,0.0033270798839296215,660
rut,h20_d07,max_kl,auc,-0.04652106836871298,0.26961830310834795,565
rut,h20_d07,max_kl,pr_auc,0.120051912817951,0.004268269398096417,565
rut,h20_d07,max_kl,drawdown_lift,0.07526752455450307,0.3152774374993484,180
rut,h20_d07,max_kl,alarm_rate,0.02664683409716495,0.4943583839387126,660
rut,h20_d07,max_kl,alarm_rate_gap_abs,0.07638492772680569,0.04981945291802391,660
rut,h20_d07,max_kl,alarm_rate_gap_signed,0.02664683409716495,0.4943583839387126,660
rut,h20_d07,n_high_drift,auc,-0.16506135691869034,8.08574771031537e-05,565
rut,h20_d07,n_high_drift,pr_auc,0.23559790808217448,1.4475374409995804e-08,565
rut,h20_d07,n_high_drift,drawdown_lift,0.2342726174178094,0.0015488655924366065,180
rut,h20_d07,n_high_drift,alarm_rate,0.09852130092483362,0.011327702862735255,660
rut,h20_d07,n_high_drift,alarm_rate_gap_abs,0.2915725478796543,2.120157610873049e-14,660
rut,h20_d07,n_high_drift,alarm_rate_gap_signed,0.09852130092483362,0.011327702862735255,660
rut,h5_d03,mean_psi,auc,-0.21230611162967414,7.460827398327833e-08,630
rut,h5_d03,mean_psi,pr_auc,0.03781910451418153,0.34327920157005776,630
rut,h5_d03,mean_psi,drawdown_lift,0.2029466835218329,0.006288625658401296,180
rut,h5_d03,mean_psi,alarm_rate,0.06190255898990387,0.11210218431350662,660
rut,h5_d03,mean_psi,alarm_rate_gap_abs,0.21507094309270575,2.402019987633174e-08,660
rut,h5_d03,mean_psi,alarm_rate_gap_signed,0.06190255898990387,0.11210218431350662,660
rut,h5_d03,max_psi,auc,-0.23311052134364016,3.196553628816552e-09,630
rut,h5_d03,max_psi,pr_auc,0.025134659741440323,0.5288767736256382,630
rut,h5_d03,max_psi,drawdown_lift,0.12827883942532148,0.0861348343645747,180
rut,h5_d03,max_psi,alarm_rate,0.024888863666156898,0.5232827660890005,660
rut,h5_d03,max_psi,alarm_rate_gap_abs,0.12692121969081935,0.0010842208708218863,660
rut,h5_d03,max_psi,alarm_rate_gap_signed,0.024888863666156898,0.5232827660890005,660
rut,h5_d03,mean_kl,auc,-0.16455710183477293,3.3178671560517306e-05,630
rut,h5_d03,mean_kl,pr_auc,0.0906289164870572,0.022909924974484956,630
rut,h5_d03,mean_kl,drawdown_lift,0.2001046548537996,0.0070753313929018645,180
rut,h5_d03,mean_kl,alarm_rate,0.08347557083536893,0.03201650569605857,660
rut,h5_d03,mean_kl,alarm_rate_gap_abs,0.22178254677796155,8.473218523104226e-09,660
rut,h5_d03,mean_kl,alarm_rate_gap_signed,0.08347557083536893,0.03201650569605857,660
rut,h5_d03,max_kl,auc,-0.1690719476928385,1.9901507119801028e-05,630
rut,h5_d03,max_kl,pr_auc,-0.005026931948288064,0.8997911267519992,630
rut,h5_d03,max_kl,drawdown_lift,0.17917698920737252,0.016098555494104785,180
rut,h5_d03,max_kl,alarm_rate,-0.0019375760638982499,0.9603750677732873,660
rut,h5_d03,max_kl,alarm_rate_gap_abs,0.13792745073420015,0.00037984968241340435,660
rut,h5_d03,max_kl,alarm_rate_gap_signed,-0.0019375760638982499,0.9603750677732873,660
rut,h5_d03,n_high_drift,auc,-0.08859763917119753,0.026165858613218525,630
rut,h5_d03,n_high_drift,pr_auc,0.08845751259873327,0.026404495645727475,630
rut,h5_d03,n_high_drift,drawdown_lift,0.2290801263601686,0.0019797000546252306,180
rut,h5_d03,n_high_drift,alarm_rate,0.1277530902422059,0.0010043614969105327,660
rut,h5_d03,n_high_drift,alarm_rate_gap_abs,0.27278497176049554,1.0011366304292e-12,660
rut,h5_d03,n_high_drift,alarm_rate_gap_signed,0.1277530902422059,0.0010043614969105327,660
